<?xml version="1.0" encoding="UTF-8"?>

<MeasureReport xmlns="http://hl7.org/fhir">
  <id value="FHIR-147"/>
  <meta>
    <profile value="http://hl7.org/fhir/StructureDefinition/MeasureReport"/>
    <security>
      <system value="http://terminology.hl7.org/CodeSystem/v3-ActReason"/>
      <code value="HTEST"/>
    </security>
  </meta>
  <text>
    <status value="generated"/><div xmlns="http://www.w3.org/1999/xhtml"><p><b>Generated Narrative</b></p><p><b>status</b>: complete</p><p><b>type</b>: summary</p><p><b>measure</b>: <a href="http://hl7.org/fhir/uv/saner/Measure/CDCPatientImpactAndHospitalCapacity">http://hl7.org/fhir/uv/saner/Measure/CDCPatientImpactAndHospitalCapacity</a></p><p><b>subject</b>: <a href="Location-Loc-X140281.html">FOUNDATION HOSPITAL Building. Generated Summary: status: active; name: FOUNDATION HOSPITAL Building; mode: instance; <span title="Codes: {http://terminology.hl7.org/CodeSystem/v3-RoleCode HOSP}">Hospital</span>; <span title="Codes: {http://terminology.hl7.org/CodeSystem/location-physical-type si}">Site</span></a></p><p><b>date</b>: May 11, 2020, 1:00:00 a.m.</p><p><b>reporter</b>: <a href="Organization-X140281.html">FOUNDATION HOSPITAL. Generated Summary: id: X140281; active; <span title="Codes: {http://terminology.hl7.org/CodeSystem/organization-type prov}">Healthcare Provider</span>; name: FOUNDATION HOSPITAL</a></p><p><b>period</b>: 2020-05-11 --&gt; 2020-05-11</p><blockquote><p><b>group</b></p><p><b>code</b>: <span title="Codes: {http://hl7.org/fhir/uv/saner/CodeSystem/MeasureGroupSystem Beds}">Hospital Bed Reporting</span></p><blockquote><p><b>population</b></p><p><b>code</b>: <span title="Codes: {http://hl7.org/fhir/uv/saner/CodeSystem/MeasuredValues numTotBeds}, {http://terminology.hl7.org/CodeSystem/measure-population initial-population}">Total number of all Inpatient and outpatient beds, including all staffed, ICU, licensed, and overflow(surge) beds used for inpatients or outpatients.</span></p><p><b>count</b>: 883</p></blockquote><blockquote><p><b>population</b></p><p><b>code</b>: <span title="Codes: {http://hl7.org/fhir/uv/saner/CodeSystem/MeasuredValues numbeds}">Inpatient beds, including all staffed, licensed, and overflow(surge) beds used for inpatients.</span></p><p><b>count</b>: 729</p></blockquote><blockquote><p><b>population</b></p><p><b>code</b>: <span title="Codes: {http://hl7.org/fhir/uv/saner/CodeSystem/MeasuredValues numBedsOcc}">Total number of staffed inpatient beds that are occupied.</span></p><p><b>count</b>: 176</p></blockquote><blockquote><p><b>population</b></p><p><b>code</b>: <span title="Codes: {http://hl7.org/fhir/uv/saner/CodeSystem/MeasuredValues numICUBeds}">Total number of staffed inpatient intensive care unit (ICU) beds.</span></p><p><b>count</b>: 154</p></blockquote><blockquote><p><b>population</b></p><p><b>code</b>: <span title="Codes: {http://hl7.org/fhir/uv/saner/CodeSystem/MeasuredValues numICUBedsOcc}">Total number of staffed inpatient ICU beds that are occupied.</span></p><p><b>count</b>: 26</p></blockquote></blockquote><blockquote><p><b>group</b></p><p><b>code</b>: <span title="Codes: {http://hl7.org/fhir/uv/saner/CodeSystem/MeasureGroupSystem Ventilators}">Hospital Ventilator Reporting</span></p><blockquote><p><b>population</b></p><p><b>code</b>: <span title="Codes: {http://hl7.org/fhir/uv/saner/CodeSystem/MeasuredValues numVent}, {http://terminology.hl7.org/CodeSystem/measure-population initial-population}">Total number of ventilators available.</span></p><p><b>count</b>: 30</p></blockquote><blockquote><p><b>population</b></p><p><b>code</b>: <span title="Codes: {http://hl7.org/fhir/uv/saner/CodeSystem/MeasuredValues numVentUse}">Total number of ventilators in use.</span></p><p><b>count</b>: 30</p></blockquote></blockquote><blockquote><p><b>group</b></p><p><b>code</b>: <span title="Codes: {http://hl7.org/fhir/uv/saner/CodeSystem/MeasureGroupSystem Encounters}">Hospital COVID-19 Encounters Reporting</span></p><blockquote><p><b>population</b></p><p><b>code</b>: <span title="Codes: {http://hl7.org/fhir/uv/saner/CodeSystem/MeasuredValues numC19HospPats}">Patients currently hospitalized in an inpatient care location who have suspected or confirmed COVID-19.</span></p><p><b>count</b>: 88</p></blockquote><blockquote><p><b>population</b></p><p><b>code</b>: <span title="Codes: {http://hl7.org/fhir/uv/saner/CodeSystem/MeasuredValues numC19MechVentPats}">Patients hospitalized in an NHSN inpatient care location who have suspected or confirmed COVID-19 and are on a mechanical ventilator.</span></p><p><b>count</b>: 30</p></blockquote><blockquote><p><b>population</b></p><p><b>code</b>: <span title="Codes: {http://hl7.org/fhir/uv/saner/CodeSystem/MeasuredValues numC19HOPats}">Patients hospitalized in an NHSN inpatient care location with onset of suspected or confirmed COVID - 19 14 or more days after hospitalization.</span></p><p><b>count</b>: 0</p></blockquote><blockquote><p><b>population</b></p><p><b>code</b>: <span title="Codes: {http://hl7.org/fhir/uv/saner/CodeSystem/MeasuredValues numC19OverflowPats}">Patients with suspected or confirmed COVID-19 who are in the ED or any overflow location awaiting an inpatient bed.</span></p><p><b>count</b>: 0</p></blockquote><blockquote><p><b>population</b></p><p><b>code</b>: <span title="Codes: {http://hl7.org/fhir/uv/saner/CodeSystem/MeasuredValues numC19OFMechVentPats}">Patients with suspected or confirmed COVID - 19 who are in the ED or any overflow location awaiting an inpatient bed and on a mechanical ventilator.</span></p><p><b>count</b>: 31</p></blockquote><blockquote><p><b>population</b></p><p><b>code</b>: <span title="Codes: {http://hl7.org/fhir/uv/saner/CodeSystem/MeasuredValues numC19Died}">Patients with suspected or confirmed COVID-19 who died in the hospital, ED, or any overflow location.</span></p><p><b>count</b>: 0</p></blockquote><blockquote><p><b>population</b></p><p><b>code</b>: <span title="Codes: {http://hl7.org/fhir/uv/saner/CodeSystem/MeasuredValues numC19Pats}">Patients with suspected or confirmed COVID-19 in any location.</span></p><p><b>count</b>: ??</p></blockquote><blockquote><p><b>population</b></p><p><b>code</b>: <span title="Codes: {http://hl7.org/fhir/uv/saner/CodeSystem/MeasuredValues numC19VentPats}">Ventilated COVID-19 Patients</span></p><p><b>count</b>: ??</p></blockquote></blockquote></div>
  </text>
  <status value="complete"/>
  <type value="summary"/>
  <measure value="http://hl7.org/fhir/uv/saner/Measure/CDCPatientImpactAndHospitalCapacity"/>
  <subject>
    <reference value="Location/Loc-X140281"/>
    <identifier>
      <system value="http://sanerproject.org/connectathon/locations"/>
      <value value="X140281"/>
    </identifier>
    <display value="FOUNDATION HOSPITAL Building"/>
  </subject>
  <date value="2020-05-11T00:00:00-05:00"/>
  <reporter>
    <reference value="Organization/X140281"/>
    <display value="FOUNDATION HOSPITAL"/>
  </reporter>
  <period>
    <start value="2020-05-11"/>
    <end value="2020-05-11"/>
  </period>
  <group>
    <code>
      <coding>
        <system value="http://hl7.org/fhir/uv/saner/CodeSystem/MeasureGroupSystem"/>
        <code value="Beds"/>
      </coding>
      <text value="Hospital Bed Reporting"/>
    </code>
    <population>
      <code>
        <coding>
          <system value="http://hl7.org/fhir/uv/saner/CodeSystem/MeasuredValues"/>
          <code value="numTotBeds"/>
        </coding>
        <coding>
          <system value="http://terminology.hl7.org/CodeSystem/measure-population"/>
          <code value="initial-population"/>
        </coding>
        <text value="Total number of all Inpatient and outpatient beds, including all staffed, ICU, licensed, and overflow(surge) beds used for inpatients or outpatients."/>
      </code>
      <count value="883"/>
    </population>
    <population>
      <code>
        <coding>
          <system value="http://hl7.org/fhir/uv/saner/CodeSystem/MeasuredValues"/>
          <code value="numbeds"/>
        </coding>
        <text value="Inpatient beds, including all staffed, licensed, and overflow(surge) beds used for inpatients."/>
      </code>
      <count value="729"/>
    </population>
    <population>
      <code>
        <coding>
          <system value="http://hl7.org/fhir/uv/saner/CodeSystem/MeasuredValues"/>
          <code value="numBedsOcc"/>
        </coding>
        <text value="Total number of staffed inpatient beds that are occupied."/>
      </code>
      <count value="176"/>
    </population>
    <population>
      <code>
        <coding>
          <system value="http://hl7.org/fhir/uv/saner/CodeSystem/MeasuredValues"/>
          <code value="numICUBeds"/>
        </coding>
        <text value="Total number of staffed inpatient intensive care unit (ICU) beds."/>
      </code>
      <count value="154"/>
    </population>
    <population>
      <code>
        <coding>
          <system value="http://hl7.org/fhir/uv/saner/CodeSystem/MeasuredValues"/>
          <code value="numICUBedsOcc"/>
        </coding>
        <text value="Total number of staffed inpatient ICU beds that are occupied."/>
      </code>
      <count value="26"/>
    </population>
  </group>
  <group>
    <code>
      <coding>
        <system value="http://hl7.org/fhir/uv/saner/CodeSystem/MeasureGroupSystem"/>
        <code value="Ventilators"/>
      </coding>
      <text value="Hospital Ventilator Reporting"/>
    </code>
    <population>
      <code>
        <coding>
          <system value="http://hl7.org/fhir/uv/saner/CodeSystem/MeasuredValues"/>
          <code value="numVent"/>
        </coding>
        <coding>
          <system value="http://terminology.hl7.org/CodeSystem/measure-population"/>
          <code value="initial-population"/>
        </coding>
        <text value="Total number of ventilators available."/>
      </code>
      <count value="30"/>
    </population>
    <population>
      <code>
        <coding>
          <system value="http://hl7.org/fhir/uv/saner/CodeSystem/MeasuredValues"/>
          <code value="numVentUse"/>
        </coding>
        <text value="Total number of ventilators in use."/>
      </code>
      <count value="30"/>
    </population>
  </group>
  <group>
    <code>
      <coding>
        <system value="http://hl7.org/fhir/uv/saner/CodeSystem/MeasureGroupSystem"/>
        <code value="Encounters"/>
      </coding>
      <text value="Hospital COVID-19 Encounters Reporting"/>
    </code>
    <population>
      <code>
        <coding>
          <system value="http://hl7.org/fhir/uv/saner/CodeSystem/MeasuredValues"/>
          <code value="numC19HospPats"/>
        </coding>
        <text value="Patients currently hospitalized in an inpatient care location who have suspected or confirmed COVID-19."/>
      </code>
      <count value="88"/>
    </population>
    <population>
      <code>
        <coding>
          <system value="http://hl7.org/fhir/uv/saner/CodeSystem/MeasuredValues"/>
          <code value="numC19MechVentPats"/>
        </coding>
        <text value="Patients hospitalized in an NHSN inpatient care location who have suspected or confirmed COVID-19 and are on a mechanical ventilator."/>
      </code>
      <count value="30"/>
    </population>
    <population>
      <code>
        <coding>
          <system value="http://hl7.org/fhir/uv/saner/CodeSystem/MeasuredValues"/>
          <code value="numC19HOPats"/>
        </coding>
        <text value="Patients hospitalized in an NHSN inpatient care location with onset of suspected or confirmed COVID - 19 14 or more days after hospitalization."/>
      </code>
      <count value="0"/>
    </population>
    <population>
      <code>
        <coding>
          <system value="http://hl7.org/fhir/uv/saner/CodeSystem/MeasuredValues"/>
          <code value="numC19OverflowPats"/>
        </coding>
        <text value="Patients with suspected or confirmed COVID-19 who are in the ED or any overflow location awaiting an inpatient bed."/>
      </code>
      <count value="0"/>
    </population>
    <population>
      <code>
        <coding>
          <system value="http://hl7.org/fhir/uv/saner/CodeSystem/MeasuredValues"/>
          <code value="numC19OFMechVentPats"/>
        </coding>
        <text value="Patients with suspected or confirmed COVID - 19 who are in the ED or any overflow location awaiting an inpatient bed and on a mechanical ventilator."/>
      </code>
      <count value="31"/>
    </population>
    <population>
      <code>
        <coding>
          <system value="http://hl7.org/fhir/uv/saner/CodeSystem/MeasuredValues"/>
          <code value="numC19Died"/>
        </coding>
        <text value="Patients with suspected or confirmed COVID-19 who died in the hospital, ED, or any overflow location."/>
      </code>
      <count value="0"/>
    </population>
    <population>
      <code>
        <coding>
          <system value="http://hl7.org/fhir/uv/saner/CodeSystem/MeasuredValues"/>
          <code value="numC19Pats"/>
        </coding>
        <text value="Patients with suspected or confirmed COVID-19 in any location."/>
      </code>
      <count>
        <extension url="http://hl7.org/fhir/StructureDefinition/data-absent-reason">
          <valueCode value="unsupported"/>
        </extension>
      </count>
    </population>
    <population>
      <code>
        <coding>
          <system value="http://hl7.org/fhir/uv/saner/CodeSystem/MeasuredValues"/>
          <code value="numC19VentPats"/>
        </coding>
        <text value="Ventilated COVID-19 Patients"/>
      </code>
      <count>
        <extension url="http://hl7.org/fhir/StructureDefinition/data-absent-reason">
          <valueCode value="unsupported"/>
        </extension>
      </count>
    </population>
  </group>
</MeasureReport>