<?xml version="1.0" encoding="UTF-8"?><CodeSystem xmlns="http://hl7.org/fhir"><id value="BedType"/><text><status value="generated"/><div xmlns="http://www.w3.org/1999/xhtml"><h2>Saner Bed Type Coding System</h2><div><p>This Coding System fills gaps describing types of care services that a bed can support.</p>
</div><p>This code system http://hl7.org/fhir/us/saner/CodeSystem/BedType defines the following codes:</p><table class="codes"><tr><td style="white-space:nowrap"><b>Code</b></td><td><b>Display</b></td><td><b>Definition</b></td></tr><tr><td style="white-space:nowrap">ROOM<a name="BedType-ROOM"> </a></td><td>Top level category for rooms</td><td>Rooms used for treatment of inpatient or ambulatory patients</td></tr><tr><td style="white-space:nowrap">OR<a name="BedType-OR"> </a></td><td>Operating Room</td><td>Operating Rooms used for surgical procedures. When a room is used for both surgical andnon-surgical procedures, it should be classified as an operating room.</td></tr><tr><td style="white-space:nowrap">PR<a name="BedType-PR"> </a></td><td>Procedure Room</td><td>Procedure Rooms are those rooms used for non-surgical procedures</td></tr><tr><td style="white-space:nowrap">RR<a name="BedType-RR"> </a></td><td>Recovery Room</td><td>Recovery Rooms</td></tr><tr><td style="white-space:nowrap">EX<a name="BedType-EX"> </a></td><td>Examination Room</td><td>Rooms used for principally for patient examination and minor procedures</td></tr><tr><td style="white-space:nowrap">DIALR<a name="BedType-DIALR"> </a></td><td>Dialysis Treatment Room</td><td>Room used for dialysis treatment</td></tr><tr><td style="white-space:nowrap">BURNU<a name="BedType-BURNU"> </a></td><td>Burn Unit</td><td>Beds in a Burn Unit</td></tr><tr><td style="white-space:nowrap">NEGISO<a name="BedType-NEGISO"> </a></td><td>Negative Pressure Isolation Unit</td><td>Beds in a negative pressure isolation environment</td></tr><tr><td style="white-space:nowrap">OTHISO<a name="BedType-OTHISO"> </a></td><td>Other Isolation Unit</td><td>Beds in an other (non-negative pressure) isolation environment</td></tr><tr><td style="white-space:nowrap">NONISO<a name="BedType-NONISO"> </a></td><td>Non-isolating unit</td><td>Bed in a unit that does not support isolation</td></tr><tr><td style="white-space:nowrap">NEONATAL<a name="BedType-NEONATAL"> </a></td><td>Neonatal Patient use</td><td>Resources designated for neonatal use</td></tr><tr><td style="white-space:nowrap">ADULT<a name="BedType-ADULT"> </a></td><td>Adult Patient use</td><td>Resources designated for adult patient use</td></tr><tr><td style="white-space:nowrap">PEDIATRIC<a name="BedType-PEDIATRIC"> </a></td><td>Pediatric Patient use</td><td>Resources designated for pediatric patient use</td></tr><tr><td style="white-space:nowrap">PHYSICAL<a name="BedType-PHYSICAL"> </a></td><td>Total Physical Resources</td><td>Total physical resources, whether licensed, staffed, or otherwise</td></tr><tr><td style="white-space:nowrap">LICENSED<a name="BedType-LICENSED"> </a></td><td>Licensed Resources</td><td>Maximum licensed resources</td></tr><tr><td style="white-space:nowrap">OVERFLOW<a name="BedType-OVERFLOW"> </a></td><td>Overflow Resources</td><td>Overflow / Surge resources that can be or have been added to add capacity</td></tr><tr><td style="white-space:nowrap">STAFFED<a name="BedType-STAFFED"> </a></td><td>Staffed Resources</td><td>Resources for which staff is available to provide support</td></tr><tr><td style="white-space:nowrap">UNSTAFFED<a name="BedType-UNSTAFFED"> </a></td><td>Unstaffed Resources</td><td>Resources that can be used but which are not staffed</td></tr><tr><td style="white-space:nowrap">INUSE<a name="BedType-INUSE"> </a></td><td>This resource is in use</td><td>Resources that are currently in use</td></tr><tr><td style="white-space:nowrap">AVAILABLE<a name="BedType-AVAILABLE"> </a></td><td>This resource is available for use</td><td>Resources that are available for use</td></tr><tr><td style="white-space:nowrap">NOTAVAIL<a name="BedType-NOTAVAIL"> </a></td><td>This resource is not available for use</td><td>Resources that are not available and are not in use</td></tr></table></div></text><url value="http://hl7.org/fhir/us/saner/CodeSystem/BedType"/><version value="0.1.0"/><name value="BedType"/><title value="Saner Bed Type Coding System"/><status value="active"/><date value="2020-04-13T11:49:10-04:00"/><publisher value="HL7 International"/><contact><name value="HL7 Patient Administration Workgroup"/><telecom><system value="url"/><value value="http://hl7.org/Special/committees/pafm/index.cfm"/></telecom></contact><contact><name value="Audacious Inquiry"/><telecom><system value="url"/><value value="http://ainq.com"/></telecom></contact><contact><name value="Keith W. Boone"/><telecom><system value="email"/><value value="mailto:kboone@ainq.com"/></telecom></contact><description value="This Coding System fills gaps describing types of care services that a bed can support."/><content value="complete"/><concept><code value="ROOM"/><display value="Top level category for rooms"/><definition value="Rooms used for treatment of inpatient or ambulatory patients"/></concept><concept><code value="OR"/><display value="Operating Room"/><definition value="Operating Rooms used for surgical procedures. When a room is used for both surgical andnon-surgical procedures, it should be classified as an operating room."/></concept><concept><code value="PR"/><display value="Procedure Room"/><definition value="Procedure Rooms are those rooms used for non-surgical procedures"/></concept><concept><code value="RR"/><display value="Recovery Room"/><definition value="Recovery Rooms"/></concept><concept><code value="EX"/><display value="Examination Room"/><definition value="Rooms used for principally for patient examination and minor procedures"/></concept><concept><code value="DIALR"/><display value="Dialysis Treatment Room"/><definition value="Room used for dialysis treatment"/></concept><concept><code value="BURNU"/><display value="Burn Unit"/><definition value="Beds in a Burn Unit"/></concept><concept><code value="NEGISO"/><display value="Negative Pressure Isolation Unit"/><definition value="Beds in a negative pressure isolation environment"/></concept><concept><code value="OTHISO"/><display value="Other Isolation Unit"/><definition value="Beds in an other (non-negative pressure) isolation environment"/></concept><concept><code value="NONISO"/><display value="Non-isolating unit"/><definition value="Bed in a unit that does not support isolation"/></concept><concept><code value="NEONATAL"/><display value="Neonatal Patient use"/><definition value="Resources designated for neonatal use"/></concept><concept><code value="ADULT"/><display value="Adult Patient use"/><definition value="Resources designated for adult patient use"/></concept><concept><code value="PEDIATRIC"/><display value="Pediatric Patient use"/><definition value="Resources designated for pediatric patient use"/></concept><concept><code value="PHYSICAL"/><display value="Total Physical Resources"/><definition value="Total physical resources, whether licensed, staffed, or otherwise"/></concept><concept><code value="LICENSED"/><display value="Licensed Resources"/><definition value="Maximum licensed resources"/></concept><concept><code value="OVERFLOW"/><display value="Overflow Resources"/><definition value="Overflow / Surge resources that can be or have been added to add capacity"/></concept><concept><code value="STAFFED"/><display value="Staffed Resources"/><definition value="Resources for which staff is available to provide support"/></concept><concept><code value="UNSTAFFED"/><display value="Unstaffed Resources"/><definition value="Resources that can be used but which are not staffed"/></concept><concept><code value="INUSE"/><display value="This resource is in use"/><definition value="Resources that are currently in use"/></concept><concept><code value="AVAILABLE"/><display value="This resource is available for use"/><definition value="Resources that are available for use"/></concept><concept><code value="NOTAVAIL"/><display value="This resource is not available for use"/><definition value="Resources that are not available and are not in use"/></concept></CodeSystem>