<?xml version="1.0" encoding="UTF-8"?><StructureDefinition xmlns="http://hl7.org/fhir"><id value="MeasureDescription"/><text><status value="generated"/><div xmlns="http://www.w3.org/1999/xhtml"><table border="0" cellpadding="0" cellspacing="0" style="border: 0px #F0F0F0 solid; font-size: 11px; font-family: verdana; vertical-align: top;"><tr style="border: 1px #F0F0F0 solid; font-size: 11px; font-family: verdana; vertical-align: top;"><th style="vertical-align: top; text-align : left; background-color: white; border: 0px #F0F0F0 solid; padding:0px 4px 0px 4px" class="hierarchy"><a href="http://hl7.org/fhir/R4/formats.html#table" title="The logical name of the element">Name</a></th><th style="vertical-align: top; text-align : left; background-color: white; border: 0px #F0F0F0 solid; padding:0px 4px 0px 4px" class="hierarchy"><a href="http://hl7.org/fhir/R4/formats.html#table" title="Information about the use of the element">Flags</a></th><th style="vertical-align: top; text-align : left; background-color: white; border: 0px #F0F0F0 solid; padding:0px 4px 0px 4px" class="hierarchy"><a href="http://hl7.org/fhir/R4/formats.html#table" title="Minimum and Maximum # of times the the element can appear in the instance">Card.</a></th><th style="width: 100px" class="hierarchy"><a href="http://hl7.org/fhir/R4/formats.html#table" title="Reference to the type of the element">Type</a></th><th style="vertical-align: top; text-align : left; background-color: white; border: 0px #F0F0F0 solid; padding:0px 4px 0px 4px" class="hierarchy"><a href="http://hl7.org/fhir/R4/formats.html#table" title="Additional information about the element">Description &amp; Constraints</a><span style="float: right"><a href="http://hl7.org/fhir/R4/formats.html#table" title="Legend for this format"><img src="http://hl7.org/fhir/R4/help16.png" alt="doco" style="background-color: inherit"/></a></span></th></tr><tr style="border: 0px #F0F0F0 solid; padding:0px; vertical-align: top; background-color: white;"><td style="vertical-align: top; text-align : left; background-color: white; border: 0px #F0F0F0 solid; padding:0px 4px 0px 4px; white-space: nowrap; background-image: url(tbl_bck1.png)" class="hierarchy"><img src="tbl_spacer.png" alt="." style="background-color: inherit" class="hierarchy"/><img src="icon_element.gif" alt="." style="background-color: white; background-color: inherit" title="Element" class="hierarchy"/> <a href="{{[type]}}-{{[id]}}-definitions.html#CodeableConcept">CodeableConcept</a><a name="CodeableConcept"> </a></td><td style="vertical-align: top; text-align : left; background-color: white; border: 0px #F0F0F0 solid; padding:0px 4px 0px 4px" class="hierarchy"/><td style="vertical-align: top; text-align : left; background-color: white; border: 0px #F0F0F0 solid; padding:0px 4px 0px 4px" class="hierarchy"><span style="opacity: 0.5">0</span><span style="opacity: 0.5">..</span><span style="opacity: 0.5">*</span></td><td style="vertical-align: top; text-align : left; background-color: white; border: 0px #F0F0F0 solid; padding:0px 4px 0px 4px" class="hierarchy"><a href="http://hl7.org/fhir/R4/datatypes.html#CodeableConcept">CodeableConcept</a></td><td style="vertical-align: top; text-align : left; background-color: white; border: 0px #F0F0F0 solid; padding:0px 4px 0px 4px" class="hierarchy"><span style="opacity: 0.5">Concept - reference to a terminology or just  text</span></td></tr>
<tr style="border: 0px #F0F0F0 solid; padding:0px; vertical-align: top; background-color: #F7F7F7;"><td style="vertical-align: top; text-align : left; background-color: #F7F7F7; border: 0px #F0F0F0 solid; padding:0px 4px 0px 4px; white-space: nowrap; background-image: url(tbl_bck13.png)" class="hierarchy"><img src="tbl_spacer.png" alt="." style="background-color: inherit" class="hierarchy"/><img src="tbl_vjoin.png" alt="." style="background-color: inherit" class="hierarchy"/><img src="icon_slice.png" alt="." style="background-color: #F7F7F7; background-color: inherit" title="Slice Definition" class="hierarchy"/> <a style="font-style: italic" href="{{[type]}}-{{[id]}}-definitions.html#CodeableConcept.coding">coding</a><a name="CodeableConcept.coding"> </a></td><td style="vertical-align: top; text-align : left; background-color: #F7F7F7; border: 0px #F0F0F0 solid; padding:0px 4px 0px 4px" class="hierarchy"/><td style="vertical-align: top; text-align : left; background-color: #F7F7F7; border: 0px #F0F0F0 solid; padding:0px 4px 0px 4px" class="hierarchy"><span style="font-style: italic"/><span style="font-style: italic">2</span><span style="font-style: italic">..</span><span style="font-style: italic">*</span></td><td style="vertical-align: top; text-align : left; background-color: #F7F7F7; border: 0px #F0F0F0 solid; padding:0px 4px 0px 4px" class="hierarchy"><a style="font-style: italic" href="http://hl7.org/fhir/R4/profiling.html#slicing">(Slice Definition)</a></td><td style="vertical-align: top; text-align : left; background-color: #F7F7F7; border: 0px #F0F0F0 solid; padding:0px 4px 0px 4px" class="hierarchy"><span style="opacity: 0.5; font-style: italic">Code defined by a terminology system</span><br style="font-style: italic"/><span style="font-weight:bold; font-style: italic">Slice: </span><span style="font-style: italic">Unordered, Open by pattern:system</span></td></tr>
<tr style="border: 0px #F0F0F0 solid; padding:0px; vertical-align: top; background-color: white;"><td style="vertical-align: top; text-align : left; background-color: white; border: 0px #F0F0F0 solid; padding:0px 4px 0px 4px; white-space: nowrap; background-image: url(tbl_bck134.png)" class="hierarchy"><img src="tbl_spacer.png" alt="." style="background-color: inherit" class="hierarchy"/><img src="tbl_vline.png" alt="." style="background-color: inherit" class="hierarchy"/><img src="tbl_vjoin_slicer.png" alt="." style="background-color: inherit" class="hierarchy"/><img src="icon_slice_item.png" alt="." style="background-color: white; background-color: inherit" title="Slice Item" class="hierarchy"/> <a href="{{[type]}}-{{[id]}}-definitions.html#CodeableConcept.coding:ResourceType" title="Slice ResourceType">coding:ResourceType</a><a name="CodeableConcept.coding"> </a></td><td style="vertical-align: top; text-align : left; background-color: white; border: 0px #F0F0F0 solid; padding:0px 4px 0px 4px" class="hierarchy"/><td style="vertical-align: top; text-align : left; background-color: white; border: 0px #F0F0F0 solid; padding:0px 4px 0px 4px" class="hierarchy">1..1</td><td style="vertical-align: top; text-align : left; background-color: white; border: 0px #F0F0F0 solid; padding:0px 4px 0px 4px" class="hierarchy"><a style="opacity: 0.5" href="http://hl7.org/fhir/R4/datatypes.html#Coding">Coding</a></td><td style="vertical-align: top; text-align : left; background-color: white; border: 0px #F0F0F0 solid; padding:0px 4px 0px 4px" class="hierarchy">Describe the FHIR resource type that should be counted for the measure<br/><span style="font-weight:bold">Binding: </span><a href="http://hl7.org/fhir/R4/valueset-resource-types.html">ResourceType</a> (<a href="http://hl7.org/fhir/R4/terminologies.html#required" title="To be conformant, the concept in this element SHALL be from the specified value set.">required</a>)</td></tr>
<tr style="border: 0px #F0F0F0 solid; padding:0px; vertical-align: top; background-color: #F7F7F7;"><td style="vertical-align: top; text-align : left; background-color: #F7F7F7; border: 0px #F0F0F0 solid; padding:0px 4px 0px 4px; white-space: nowrap; background-image: url(tbl_bck135.png)" class="hierarchy"><img src="tbl_spacer.png" alt="." style="background-color: inherit" class="hierarchy"/><img src="tbl_vline.png" alt="." style="background-color: inherit" class="hierarchy"/><img src="tbl_vjoin_slicer.png" alt="." style="background-color: inherit" class="hierarchy"/><img src="icon_slice_item.png" alt="." style="background-color: #F7F7F7; background-color: inherit" title="Slice Item" class="hierarchy"/> <a href="{{[type]}}-{{[id]}}-definitions.html#CodeableConcept.coding:Snomed" title="Slice Snomed">coding:Snomed</a><a name="CodeableConcept.coding"> </a></td><td style="vertical-align: top; text-align : left; background-color: #F7F7F7; border: 0px #F0F0F0 solid; padding:0px 4px 0px 4px" class="hierarchy"/><td style="vertical-align: top; text-align : left; background-color: #F7F7F7; border: 0px #F0F0F0 solid; padding:0px 4px 0px 4px" class="hierarchy">1..1</td><td style="vertical-align: top; text-align : left; background-color: #F7F7F7; border: 0px #F0F0F0 solid; padding:0px 4px 0px 4px" class="hierarchy"><a style="opacity: 0.5" href="http://hl7.org/fhir/R4/datatypes.html#Coding">Coding</a></td><td style="vertical-align: top; text-align : left; background-color: #F7F7F7; border: 0px #F0F0F0 solid; padding:0px 4px 0px 4px" class="hierarchy"><span style="opacity: 0.5">Code defined by a terminology system</span></td></tr>
<tr style="border: 0px #F0F0F0 solid; padding:0px; vertical-align: top; background-color: white;"><td style="vertical-align: top; text-align : left; background-color: white; border: 0px #F0F0F0 solid; padding:0px 4px 0px 4px; white-space: nowrap; background-image: url(tbl_bck1340.png)" class="hierarchy"><img src="tbl_spacer.png" alt="." style="background-color: inherit" class="hierarchy"/><img src="tbl_vline.png" alt="." style="background-color: inherit" class="hierarchy"/><img src="tbl_vline_slicer.png" alt="." style="background-color: inherit" class="hierarchy"/><img src="tbl_vjoin_end_slice.png" alt="." style="background-color: inherit" class="hierarchy"/><img src="icon_element.gif" alt="." style="background-color: white; background-color: inherit" title="Element" class="hierarchy"/> <a href="{{[type]}}-{{[id]}}-definitions.html#CodeableConcept.coding:Snomed.system">system</a><a name="CodeableConcept.coding.system"> </a></td><td style="vertical-align: top; text-align : left; background-color: white; border: 0px #F0F0F0 solid; padding:0px 4px 0px 4px" class="hierarchy"/><td style="vertical-align: top; text-align : left; background-color: white; border: 0px #F0F0F0 solid; padding:0px 4px 0px 4px" class="hierarchy">1..1</td><td style="vertical-align: top; text-align : left; background-color: white; border: 0px #F0F0F0 solid; padding:0px 4px 0px 4px" class="hierarchy"><a style="opacity: 0.5" href="http://hl7.org/fhir/R4/datatypes.html#uri">uri</a></td><td style="vertical-align: top; text-align : left; background-color: white; border: 0px #F0F0F0 solid; padding:0px 4px 0px 4px" class="hierarchy">Further clarify the type of resource using SNOMED<br/><span style="font-weight:bold">Required Pattern: </span><span style="color: darkgreen">http://snomed.info/sct</span></td></tr>
<tr style="border: 0px #F0F0F0 solid; padding:0px; vertical-align: top; background-color: #F7F7F7;"><td style="vertical-align: top; text-align : left; background-color: #F7F7F7; border: 0px #F0F0F0 solid; padding:0px 4px 0px 4px; white-space: nowrap; background-image: url(tbl_bck124.png)" class="hierarchy"><img src="tbl_spacer.png" alt="." style="background-color: inherit" class="hierarchy"/><img src="tbl_vline.png" alt="." style="background-color: inherit" class="hierarchy"/><img src="tbl_vjoin_end_slicer.png" alt="." style="background-color: inherit" class="hierarchy"/><img src="icon_slice_item.png" alt="." style="background-color: #F7F7F7; background-color: inherit" title="Slice Item" class="hierarchy"/> <a href="{{[type]}}-{{[id]}}-definitions.html#CodeableConcept.coding:Other" title="Slice Other">coding:Other</a><a name="CodeableConcept.coding"> </a></td><td style="vertical-align: top; text-align : left; background-color: #F7F7F7; border: 0px #F0F0F0 solid; padding:0px 4px 0px 4px" class="hierarchy"/><td style="vertical-align: top; text-align : left; background-color: #F7F7F7; border: 0px #F0F0F0 solid; padding:0px 4px 0px 4px" class="hierarchy">0..*</td><td style="vertical-align: top; text-align : left; background-color: #F7F7F7; border: 0px #F0F0F0 solid; padding:0px 4px 0px 4px" class="hierarchy"><a style="opacity: 0.5" href="http://hl7.org/fhir/R4/datatypes.html#Coding">Coding</a></td><td style="vertical-align: top; text-align : left; background-color: #F7F7F7; border: 0px #F0F0F0 solid; padding:0px 4px 0px 4px" class="hierarchy"><span style="opacity: 0.5">Code defined by a terminology system</span></td></tr>
<tr style="border: 0px #F0F0F0 solid; padding:0px; vertical-align: top; background-color: white;"><td style="vertical-align: top; text-align : left; background-color: white; border: 0px #F0F0F0 solid; padding:0px 4px 0px 4px; white-space: nowrap; background-image: url(tbl_bck00.png)" class="hierarchy"><img src="tbl_spacer.png" alt="." style="background-color: inherit" class="hierarchy"/><img src="tbl_vjoin_end.png" alt="." style="background-color: inherit" class="hierarchy"/><img src="icon_element.gif" alt="." style="background-color: white; background-color: inherit" title="Element" class="hierarchy"/> <a href="{{[type]}}-{{[id]}}-definitions.html#CodeableConcept.text">text</a><a name="CodeableConcept.text"> </a></td><td style="vertical-align: top; text-align : left; background-color: white; border: 0px #F0F0F0 solid; padding:0px 4px 0px 4px" class="hierarchy"/><td style="vertical-align: top; text-align : left; background-color: white; border: 0px #F0F0F0 solid; padding:0px 4px 0px 4px" class="hierarchy">1..1</td><td style="vertical-align: top; text-align : left; background-color: white; border: 0px #F0F0F0 solid; padding:0px 4px 0px 4px" class="hierarchy"><a style="opacity: 0.5" href="http://hl7.org/fhir/R4/datatypes.html#string">string</a></td><td style="vertical-align: top; text-align : left; background-color: white; border: 0px #F0F0F0 solid; padding:0px 4px 0px 4px" class="hierarchy">Supply human readable text describing what is enumerated/counted for the measure</td></tr>
<tr><td colspan="5" class="hierarchy"><br/><a href="http://hl7.org/fhir/R4/formats.html#table" title="Legend for this format"><img src="http://hl7.org/fhir/R4/help16.png" alt="doco" style="background-color: inherit"/> Documentation for this format</a></td></tr></table></div></text><url value="http://hl7.org/fhir/us/saner/StructureDefinition/MeasureDescription"/><version value="0.1.0"/><name value="MeasureDescription"/><title value="Saner Measure Description"/><status value="active"/><date value="2020-04-13T11:49:10-04:00"/><publisher value="HL7 International"/><contact><name value="HL7 Patient Administration Workgroup"/><telecom><system value="url"/><value value="http://hl7.org/Special/committees/pafm/index.cfm"/></telecom></contact><contact><name value="Audacious Inquiry"/><telecom><system value="url"/><value value="http://ainq.com"/></telecom></contact><contact><name value="Keith W. Boone"/><telecom><system value="email"/><value value="mailto:kboone@ainq.com"/></telecom></contact><description value="A CodeableConcept describing a measure value"/><fhirVersion value="4.0.1"/><mapping><identity value="v2"/><uri value="http://hl7.org/v2"/><name value="HL7 v2 Mapping"/></mapping><mapping><identity value="rim"/><uri value="http://hl7.org/v3"/><name value="RIM Mapping"/></mapping><mapping><identity value="orim"/><uri value="http://hl7.org/orim"/><name value="Ontological RIM Mapping"/></mapping><kind value="complex-type"/><abstract value="false"/><type value="CodeableConcept"/><baseDefinition value="http://hl7.org/fhir/StructureDefinition/CodeableConcept"/><derivation value="constraint"/><snapshot><element id="CodeableConcept"><path value="CodeableConcept"/><short value="Concept - reference to a terminology or just  text"/><definition value="A concept that may be defined by a formal reference to a terminology or ontology or may be provided by text."/><comment value="Not all terminology uses fit this general pattern. In some cases, models should not use CodeableConcept and use Coding directly and provide their own structure for managing text, codings, translations and the relationship between elements and pre- and post-coordination."/><min value="0"/><max value="*"/><base><path value="CodeableConcept"/><min value="0"/><max value="*"/></base><condition value="ele-1"/><constraint><key value="ele-1"/><severity value="error"/><human value="All FHIR elements must have a @value or children"/><expression value="hasValue() or (children().count() &gt; id.count())"/><xpath value="@value|f:*|h:div"/><source value="http://hl7.org/fhir/StructureDefinition/Element"/></constraint><isModifier value="false"/><mapping><identity value="rim"/><map value="n/a"/></mapping><mapping><identity value="v2"/><map value="CE/CNE/CWE"/></mapping><mapping><identity value="rim"/><map value="CD"/></mapping><mapping><identity value="orim"/><map value="fhir:CodeableConcept rdfs:subClassOf dt:CD"/></mapping></element><element id="CodeableConcept.id"><path value="CodeableConcept.id"/><representation value="xmlAttr"/><short value="Unique id for inter-element referencing"/><definition value="Unique id for the element within a resource (for internal references). This may be any string value that does not contain spaces."/><min value="0"/><max value="1"/><base><path value="Element.id"/><min value="0"/><max value="1"/></base><type><extension url="http://hl7.org/fhir/StructureDefinition/structuredefinition-fhir-type"><valueUrl value="string"/></extension><code value="http://hl7.org/fhirpath/System.String"/></type><isModifier value="false"/><isSummary value="false"/><mapping><identity value="rim"/><map value="n/a"/></mapping></element><element id="CodeableConcept.extension"><path value="CodeableConcept.extension"/><slicing><discriminator><type value="value"/><path value="url"/></discriminator><description value="Extensions are always sliced by (at least) url"/><rules value="open"/></slicing><short value="Additional content defined by implementations"/><definition value="May be used to represent additional information that is not part of the basic definition of the element. To make the use of extensions safe and manageable, there is a strict set of governance  applied to the definition and use of extensions. Though any implementer can define an extension, there is a set of requirements that SHALL be met as part of the definition of the extension."/><comment value="There can be no stigma associated with the use of extensions by any application, project, or standard - regardless of the institution or jurisdiction that uses or defines the extensions.  The use of extensions is what allows the FHIR specification to retain a core level of simplicity for everyone."/><alias value="extensions"/><alias value="user content"/><min value="0"/><max value="*"/><base><path value="Element.extension"/><min value="0"/><max value="*"/></base><type><code value="Extension"/></type><constraint><key value="ele-1"/><severity value="error"/><human value="All FHIR elements must have a @value or children"/><expression value="hasValue() or (children().count() &gt; id.count())"/><xpath value="@value|f:*|h:div"/><source value="http://hl7.org/fhir/StructureDefinition/Element"/></constraint><constraint><key value="ext-1"/><severity value="error"/><human value="Must have either extensions or value[x], not both"/><expression value="extension.exists() != value.exists()"/><xpath value="exists(f:extension)!=exists(f:*[starts-with(local-name(.), &quot;value&quot;)])"/><source value="http://hl7.org/fhir/StructureDefinition/Extension"/></constraint><isModifier value="false"/><isSummary value="false"/><mapping><identity value="rim"/><map value="n/a"/></mapping></element><element id="CodeableConcept.coding"><path value="CodeableConcept.coding"/><slicing><discriminator><type value="pattern"/><path value="system"/></discriminator><description value="Slice based on the component.code pattern"/><rules value="open"/></slicing><short value="Code defined by a terminology system"/><definition value="A reference to a code defined by a terminology system."/><comment value="Codes may be defined very casually in enumerations, or code lists, up to very formal definitions such as SNOMED CT - see the HL7 v3 Core Principles for more information.  Ordering of codings is undefined and SHALL NOT be used to infer meaning. Generally, at most only one of the coding values will be labeled as UserSelected = true."/><requirements value="Allows for alternative encodings within a code system, and translations to other code systems."/><min value="2"/><max value="*"/><base><path value="CodeableConcept.coding"/><min value="0"/><max value="*"/></base><type><code value="Coding"/></type><constraint><key value="ele-1"/><severity value="error"/><human value="All FHIR elements must have a @value or children"/><expression value="hasValue() or (children().count() &gt; id.count())"/><xpath value="@value|f:*|h:div"/><source value="http://hl7.org/fhir/StructureDefinition/Element"/></constraint><isModifier value="false"/><isSummary value="true"/><mapping><identity value="v2"/><map value="C*E.1-8, C*E.10-22"/></mapping><mapping><identity value="rim"/><map value="union(., ./translation)"/></mapping><mapping><identity value="orim"/><map value="fhir:CodeableConcept.coding rdfs:subPropertyOf dt:CD.coding"/></mapping></element><element id="CodeableConcept.coding:ResourceType"><path value="CodeableConcept.coding"/><sliceName value="ResourceType"/><short value="Describe the FHIR resource type that should be counted for the measure"/><definition value="A reference to a code defined by a terminology system."/><comment value="Codes may be defined very casually in enumerations, or code lists, up to very formal definitions such as SNOMED CT - see the HL7 v3 Core Principles for more information.  Ordering of codings is undefined and SHALL NOT be used to infer meaning. Generally, at most only one of the coding values will be labeled as UserSelected = true."/><requirements value="Allows for alternative encodings within a code system, and translations to other code systems."/><min value="1"/><max value="1"/><base><path value="CodeableConcept.coding"/><min value="0"/><max value="*"/></base><type><code value="Coding"/></type><constraint><key value="ele-1"/><severity value="error"/><human value="All FHIR elements must have a @value or children"/><expression value="hasValue() or (children().count() &gt; id.count())"/><xpath value="@value|f:*|h:div"/><source value="http://hl7.org/fhir/StructureDefinition/Element"/></constraint><isModifier value="false"/><isSummary value="true"/><binding><strength value="required"/><valueSet value="http://hl7.org/fhir/ValueSet/resource-types"/></binding><mapping><identity value="v2"/><map value="C*E.1-8, C*E.10-22"/></mapping><mapping><identity value="rim"/><map value="union(., ./translation)"/></mapping><mapping><identity value="orim"/><map value="fhir:CodeableConcept.coding rdfs:subPropertyOf dt:CD.coding"/></mapping></element><element id="CodeableConcept.coding:Snomed"><path value="CodeableConcept.coding"/><sliceName value="Snomed"/><short value="Code defined by a terminology system"/><definition value="A reference to a code defined by a terminology system."/><comment value="Codes may be defined very casually in enumerations, or code lists, up to very formal definitions such as SNOMED CT - see the HL7 v3 Core Principles for more information.  Ordering of codings is undefined and SHALL NOT be used to infer meaning. Generally, at most only one of the coding values will be labeled as UserSelected = true."/><requirements value="Allows for alternative encodings within a code system, and translations to other code systems."/><min value="1"/><max value="1"/><base><path value="CodeableConcept.coding"/><min value="0"/><max value="*"/></base><type><code value="Coding"/></type><constraint><key value="ele-1"/><severity value="error"/><human value="All FHIR elements must have a @value or children"/><expression value="hasValue() or (children().count() &gt; id.count())"/><xpath value="@value|f:*|h:div"/><source value="http://hl7.org/fhir/StructureDefinition/Element"/></constraint><isModifier value="false"/><isSummary value="true"/><mapping><identity value="v2"/><map value="C*E.1-8, C*E.10-22"/></mapping><mapping><identity value="rim"/><map value="union(., ./translation)"/></mapping><mapping><identity value="orim"/><map value="fhir:CodeableConcept.coding rdfs:subPropertyOf dt:CD.coding"/></mapping></element><element id="CodeableConcept.coding:Snomed.id"><path value="CodeableConcept.coding.id"/><representation value="xmlAttr"/><short value="Unique id for inter-element referencing"/><definition value="Unique id for the element within a resource (for internal references). This may be any string value that does not contain spaces."/><min value="0"/><max value="1"/><base><path value="Element.id"/><min value="0"/><max value="1"/></base><type><extension url="http://hl7.org/fhir/StructureDefinition/structuredefinition-fhir-type"><valueUrl value="string"/></extension><code value="http://hl7.org/fhirpath/System.String"/></type><isModifier value="false"/><isSummary value="false"/><mapping><identity value="rim"/><map value="n/a"/></mapping></element><element id="CodeableConcept.coding:Snomed.extension"><path value="CodeableConcept.coding.extension"/><slicing><discriminator><type value="value"/><path value="url"/></discriminator><description value="Extensions are always sliced by (at least) url"/><rules value="open"/></slicing><short value="Additional content defined by implementations"/><definition value="May be used to represent additional information that is not part of the basic definition of the element. To make the use of extensions safe and manageable, there is a strict set of governance  applied to the definition and use of extensions. Though any implementer can define an extension, there is a set of requirements that SHALL be met as part of the definition of the extension."/><comment value="There can be no stigma associated with the use of extensions by any application, project, or standard - regardless of the institution or jurisdiction that uses or defines the extensions.  The use of extensions is what allows the FHIR specification to retain a core level of simplicity for everyone."/><alias value="extensions"/><alias value="user content"/><min value="0"/><max value="*"/><base><path value="Element.extension"/><min value="0"/><max value="*"/></base><type><code value="Extension"/></type><constraint><key value="ele-1"/><severity value="error"/><human value="All FHIR elements must have a @value or children"/><expression value="hasValue() or (children().count() &gt; id.count())"/><xpath value="@value|f:*|h:div"/><source value="http://hl7.org/fhir/StructureDefinition/Element"/></constraint><constraint><key value="ext-1"/><severity value="error"/><human value="Must have either extensions or value[x], not both"/><expression value="extension.exists() != value.exists()"/><xpath value="exists(f:extension)!=exists(f:*[starts-with(local-name(.), &quot;value&quot;)])"/><source value="http://hl7.org/fhir/StructureDefinition/Extension"/></constraint><isModifier value="false"/><isSummary value="false"/><mapping><identity value="rim"/><map value="n/a"/></mapping></element><element id="CodeableConcept.coding:Snomed.system"><path value="CodeableConcept.coding.system"/><short value="Further clarify the type of resource using SNOMED"/><definition value="The identification of the code system that defines the meaning of the symbol in the code."/><comment value="The URI may be an OID (urn:oid:...) or a UUID (urn:uuid:...).  OIDs and UUIDs SHALL be references to the HL7 OID registry. Otherwise, the URI should come from HL7&#39;s list of FHIR defined special URIs or it should reference to some definition that establishes the system clearly and unambiguously."/><requirements value="Need to be unambiguous about the source of the definition of the symbol."/><min value="1"/><max value="1"/><base><path value="Coding.system"/><min value="0"/><max value="1"/></base><type><code value="uri"/></type><patternUri value="http://snomed.info/sct"/><constraint><key value="ele-1"/><severity value="error"/><human value="All FHIR elements must have a @value or children"/><expression value="hasValue() or (children().count() &gt; id.count())"/><xpath value="@value|f:*|h:div"/><source value="http://hl7.org/fhir/StructureDefinition/Element"/></constraint><isModifier value="false"/><isSummary value="true"/><mapping><identity value="v2"/><map value="C*E.3"/></mapping><mapping><identity value="rim"/><map value="./codeSystem"/></mapping><mapping><identity value="orim"/><map value="fhir:Coding.system rdfs:subPropertyOf dt:CDCoding.codeSystem"/></mapping></element><element id="CodeableConcept.coding:Snomed.version"><path value="CodeableConcept.coding.version"/><short value="Version of the system - if relevant"/><definition value="The version of the code system which was used when choosing this code. Note that a well-maintained code system does not need the version reported, because the meaning of codes is consistent across versions. However this cannot consistently be assured, and when the meaning is not guaranteed to be consistent, the version SHOULD be exchanged."/><comment value="Where the terminology does not clearly define what string should be used to identify code system versions, the recommendation is to use the date (expressed in FHIR date format) on which that version was officially published as the version date."/><min value="0"/><max value="1"/><base><path value="Coding.version"/><min value="0"/><max value="1"/></base><type><code value="string"/></type><constraint><key value="ele-1"/><severity value="error"/><human value="All FHIR elements must have a @value or children"/><expression value="hasValue() or (children().count() &gt; id.count())"/><xpath value="@value|f:*|h:div"/><source value="http://hl7.org/fhir/StructureDefinition/Element"/></constraint><isModifier value="false"/><isSummary value="true"/><mapping><identity value="v2"/><map value="C*E.7"/></mapping><mapping><identity value="rim"/><map value="./codeSystemVersion"/></mapping><mapping><identity value="orim"/><map value="fhir:Coding.version rdfs:subPropertyOf dt:CDCoding.codeSystemVersion"/></mapping></element><element id="CodeableConcept.coding:Snomed.code"><path value="CodeableConcept.coding.code"/><short value="Symbol in syntax defined by the system"/><definition value="A symbol in syntax defined by the system. The symbol may be a predefined code or an expression in a syntax defined by the coding system (e.g. post-coordination)."/><requirements value="Need to refer to a particular code in the system."/><min value="0"/><max value="1"/><base><path value="Coding.code"/><min value="0"/><max value="1"/></base><type><code value="code"/></type><constraint><key value="ele-1"/><severity value="error"/><human value="All FHIR elements must have a @value or children"/><expression value="hasValue() or (children().count() &gt; id.count())"/><xpath value="@value|f:*|h:div"/><source value="http://hl7.org/fhir/StructureDefinition/Element"/></constraint><isModifier value="false"/><isSummary value="true"/><mapping><identity value="v2"/><map value="C*E.1"/></mapping><mapping><identity value="rim"/><map value="./code"/></mapping><mapping><identity value="orim"/><map value="fhir:Coding.code rdfs:subPropertyOf dt:CDCoding.code"/></mapping></element><element id="CodeableConcept.coding:Snomed.display"><extension url="http://hl7.org/fhir/StructureDefinition/elementdefinition-translatable"><valueBoolean value="true"/></extension><path value="CodeableConcept.coding.display"/><short value="Representation defined by the system"/><definition value="A representation of the meaning of the code in the system, following the rules of the system."/><requirements value="Need to be able to carry a human-readable meaning of the code for readers that do not know  the system."/><min value="0"/><max value="1"/><base><path value="Coding.display"/><min value="0"/><max value="1"/></base><type><code value="string"/></type><constraint><key value="ele-1"/><severity value="error"/><human value="All FHIR elements must have a @value or children"/><expression value="hasValue() or (children().count() &gt; id.count())"/><xpath value="@value|f:*|h:div"/><source value="http://hl7.org/fhir/StructureDefinition/Element"/></constraint><isModifier value="false"/><isSummary value="true"/><mapping><identity value="v2"/><map value="C*E.2 - but note this is not well followed"/></mapping><mapping><identity value="rim"/><map value="CV.displayName"/></mapping><mapping><identity value="orim"/><map value="fhir:Coding.display rdfs:subPropertyOf dt:CDCoding.displayName"/></mapping></element><element id="CodeableConcept.coding:Snomed.userSelected"><path value="CodeableConcept.coding.userSelected"/><short value="If this coding was chosen directly by the user"/><definition value="Indicates that this coding was chosen by a user directly - e.g. off a pick list of available items (codes or displays)."/><comment value="Amongst a set of alternatives, a directly chosen code is the most appropriate starting point for new translations. There is some ambiguity about what exactly &#39;directly chosen&#39; implies, and trading partner agreement may be needed to clarify the use of this element and its consequences more completely."/><requirements value="This has been identified as a clinical safety criterium - that this exact system/code pair was chosen explicitly, rather than inferred by the system based on some rules or language processing."/><min value="0"/><max value="1"/><base><path value="Coding.userSelected"/><min value="0"/><max value="1"/></base><type><code value="boolean"/></type><constraint><key value="ele-1"/><severity value="error"/><human value="All FHIR elements must have a @value or children"/><expression value="hasValue() or (children().count() &gt; id.count())"/><xpath value="@value|f:*|h:div"/><source value="http://hl7.org/fhir/StructureDefinition/Element"/></constraint><isModifier value="false"/><isSummary value="true"/><mapping><identity value="v2"/><map value="Sometimes implied by being first"/></mapping><mapping><identity value="rim"/><map value="CD.codingRationale"/></mapping><mapping><identity value="orim"/><map value="fhir:Coding.userSelected fhir:mapsTo dt:CDCoding.codingRationale. fhir:Coding.userSelected fhir:hasMap fhir:Coding.userSelected.map. fhir:Coding.userSelected.map a fhir:Map;   fhir:target dt:CDCoding.codingRationale. fhir:Coding.userSelected\#true a [     fhir:source &quot;true&quot;;     fhir:target dt:CDCoding.codingRationale\#O   ]"/></mapping></element><element id="CodeableConcept.coding:Other"><path value="CodeableConcept.coding"/><sliceName value="Other"/><short value="Code defined by a terminology system"/><definition value="A reference to a code defined by a terminology system."/><comment value="Codes may be defined very casually in enumerations, or code lists, up to very formal definitions such as SNOMED CT - see the HL7 v3 Core Principles for more information.  Ordering of codings is undefined and SHALL NOT be used to infer meaning. Generally, at most only one of the coding values will be labeled as UserSelected = true."/><requirements value="Allows for alternative encodings within a code system, and translations to other code systems."/><min value="0"/><max value="*"/><base><path value="CodeableConcept.coding"/><min value="0"/><max value="*"/></base><type><code value="Coding"/></type><constraint><key value="ele-1"/><severity value="error"/><human value="All FHIR elements must have a @value or children"/><expression value="hasValue() or (children().count() &gt; id.count())"/><xpath value="@value|f:*|h:div"/><source value="http://hl7.org/fhir/StructureDefinition/Element"/></constraint><isModifier value="false"/><isSummary value="true"/><mapping><identity value="v2"/><map value="C*E.1-8, C*E.10-22"/></mapping><mapping><identity value="rim"/><map value="union(., ./translation)"/></mapping><mapping><identity value="orim"/><map value="fhir:CodeableConcept.coding rdfs:subPropertyOf dt:CD.coding"/></mapping></element><element id="CodeableConcept.text"><extension url="http://hl7.org/fhir/StructureDefinition/elementdefinition-translatable"><valueBoolean value="true"/></extension><path value="CodeableConcept.text"/><short value="Supply human readable text describing what is enumerated/counted for the measure"/><definition value="A human language representation of the concept as seen/selected/uttered by the user who entered the data and/or which represents the intended meaning of the user."/><comment value="Very often the text is the same as a displayName of one of the codings."/><requirements value="The codes from the terminologies do not always capture the correct meaning with all the nuances of the human using them, or sometimes there is no appropriate code at all. In these cases, the text is used to capture the full meaning of the source."/><min value="1"/><max value="1"/><base><path value="CodeableConcept.text"/><min value="0"/><max value="1"/></base><type><code value="string"/></type><constraint><key value="ele-1"/><severity value="error"/><human value="All FHIR elements must have a @value or children"/><expression value="hasValue() or (children().count() &gt; id.count())"/><xpath value="@value|f:*|h:div"/><source value="http://hl7.org/fhir/StructureDefinition/Element"/></constraint><isModifier value="false"/><isSummary value="true"/><mapping><identity value="v2"/><map value="C*E.9. But note many systems use C*E.2 for this"/></mapping><mapping><identity value="rim"/><map value="./originalText[mediaType/code=&quot;text/plain&quot;]/data"/></mapping><mapping><identity value="orim"/><map value="fhir:CodeableConcept.text rdfs:subPropertyOf dt:CD.originalText"/></mapping></element></snapshot><differential><element id="CodeableConcept"><path value="CodeableConcept"/></element><element id="CodeableConcept.coding"><path value="CodeableConcept.coding"/><slicing><discriminator><type value="pattern"/><path value="system"/></discriminator><description value="Slice based on the component.code pattern"/><rules value="open"/></slicing><min value="2"/></element><element id="CodeableConcept.coding:ResourceType"><path value="CodeableConcept.coding"/><sliceName value="ResourceType"/><short value="Describe the FHIR resource type that should be counted for the measure"/><min value="1"/><max value="1"/><binding><strength value="required"/><valueSet value="http://hl7.org/fhir/ValueSet/resource-types"/></binding></element><element id="CodeableConcept.coding:Snomed"><path value="CodeableConcept.coding"/><sliceName value="Snomed"/><min value="1"/><max value="1"/></element><element id="CodeableConcept.coding:Snomed.system"><path value="CodeableConcept.coding.system"/><short value="Further clarify the type of resource using SNOMED"/><min value="1"/><patternUri value="http://snomed.info/sct"/></element><element id="CodeableConcept.coding:Other"><path value="CodeableConcept.coding"/><sliceName value="Other"/><min value="0"/></element><element id="CodeableConcept.text"><path value="CodeableConcept.text"/><short value="Supply human readable text describing what is enumerated/counted for the measure"/><min value="1"/></element></differential></StructureDefinition>