<?xml version="1.0" encoding="UTF-8"?><ValueSet xmlns="http://hl7.org/fhir"><id value="VentilatorDevicesWithTracheostomy"/><text><status value="generated"/><div xmlns="http://www.w3.org/1999/xhtml"><h2>Devices used for Ventilation with Tracheostomy</h2><div><p>Codes used for Devices that support Ventilation with a Tracheostomy</p>
</div><ul/><p>This value set includes codes based on the following rules:</p></div></text><url value="http://hl7.org/fhir/us/saner/ValueSet/VentilatorDevicesWithTracheostomy"/><version value="0.1.0"/><name value="VentilatorDevicesWithTracheostomy"/><title value="Devices used for Ventilation with Tracheostomy"/><status value="active"/><date value="2020-04-27T07:08:50-04:00"/><publisher value="HL7 International"/><contact><name value="HL7 Patient Administration Workgroup"/><telecom><system value="url"/><value value="http://hl7.org/Special/committees/pafm/index.cfm"/></telecom></contact><contact><name value="Audacious Inquiry"/><telecom><system value="url"/><value value="http://ainq.com"/></telecom></contact><contact><name value="Keith W. Boone"/><telecom><system value="email"/><value value="mailto:kboone@ainq.com"/></telecom></contact><description value="Codes used for Devices that support Ventilation with a Tracheostomy"/></ValueSet>