{
  "resourceType": "Location",
  "id": "Location1b",
  "text": {
    "status": "generated",
    "div": "<div xmlns=\"http://www.w3.org/1999/xhtml\"><p><b>Generated Narrative</b></p><p><b>id</b>: Location1b</p><p><b>identifier</b>: id: Loc44082</p><p><b>type</b>: <span title=\"Codes: {https://www.cdc.gov/nhsn/cdaportal/terminology/codesystem/hsloc.html 1076-9}\">Pediatric Medical Ward</span>, <span title=\"Codes: {http://terminology.hl7.org/CodeSystem/v3-RoleCode PEDU}\">Pediatric unit</span></p></div>"
  },
  "identifier": [
    {
      "system": "http://sanerproject.org/test/Location",
      "value": "Loc44082"
    }
  ],
  "type": [
    {
      "coding": [
        {
          "system": "https://www.cdc.gov/nhsn/cdaportal/terminology/codesystem/hsloc.html",
          "code": "1076-9",
          "display": "Pediatric Medical Ward"
        }
      ]
    },
    {
      "coding": [
        {
          "system": "http://terminology.hl7.org/CodeSystem/v3-RoleCode",
          "code": "PEDU",
          "display": "Pediatric unit"
        }
      ]
    }
  ]
}