{
  "resourceType": "MeasureReport",
  "id": "ExampleNJ-20200421-FEMADailyHospitalCOVID19Reporting",
  "meta": {
    "profile": [
      "http://hl7.org/fhir/us/saner/StructureDefinition/PublicHealthMeasureReport"
    ]
  },
  "text": {
    "status": "generated",
    "div": "<div xmlns=\"http://www.w3.org/1999/xhtml\"><p><b>Generated Narrative</b></p><p><b>id</b>: ExampleNJ-20200421-FEMADailyHospitalCOVID19Reporting</p><p><b>meta</b>: </p><p><b>identifier</b>: id: urn:uuid:375c3abd-9219-11ea-1863-09173f13e4c5</p><p><b>status</b>: complete</p><p><b>type</b>: summary</p><p><b>measure</b>: <a href=\"http://hl7.org/fhir/us/saner/Measure/FEMADailyHospitalCOVID19Reporting\">http://hl7.org/fhir/us/saner/Measure/FEMADailyHospitalCOVID19Reporting</a></p><p><b>subject</b>: <a href=\"Location-states-NJ.html\">State of New Jersey. Generated Summary: id: states-NJ; id: 34</a></p><p><b>date</b>: 2020-04-21</p><p><b>reporter</b>: <a href=\"Organization-NJ-DPH.html\">New Jersey Department of Public Health. Generated Summary: id: NJ-DPH; name: New Jersey Department of Public Health</a></p><p><b>period</b>: 2020-04-21 --&gt; 2020-04-21</p><blockquote><p><b>group</b></p><p><b>code</b>: <span title=\"Codes: {http://hl7.org/fhir/us/saner/CodeSystem/MeasureGroupSystem positiveIncreasePercent}\">Percent Positive among Newly Resulted Tests</span></p><blockquote><p><b>population</b></p><p><b>code</b>: <span title=\"Codes: {http://hl7.org/fhir/us/saner/CodeSystem/MeasuredValues totalOrdersIncrease}, {http://terminology.hl7.org/CodeSystem/measure-population initial-population}\">New Diagnostic Tests Ordered/Received</span></p><p><b>count</b>: ??</p></blockquote><blockquote><p><b>population</b></p><p><b>code</b>: <span title=\"Codes: {http://hl7.org/fhir/us/saner/CodeSystem/MeasuredValues totalTestResultsIncrease}, {http://terminology.hl7.org/CodeSystem/measure-population denominator}\">New Tests Resulted</span></p><p><b>count</b>: 6769</p></blockquote><blockquote><p><b>population</b></p><p><b>code</b>: <span title=\"Codes: {http://hl7.org/fhir/us/saner/CodeSystem/MeasuredValues positiveIncrease}, {http://terminology.hl7.org/CodeSystem/measure-population numerator}\">New Positive COVID-19 Tests</span></p><p><b>count</b>: 3581</p></blockquote><p><b>measureScore</b>: 52.9 %</p></blockquote><blockquote><p><b>group</b></p><p><b>code</b>: <span title=\"Codes: {http://hl7.org/fhir/us/saner/CodeSystem/MeasureGroupSystem positivePercent}\">Cumulative Percent Positive among Resulted Tests</span></p><blockquote><p><b>population</b></p><p><b>code</b>: <span title=\"Codes: {http://hl7.org/fhir/us/saner/CodeSystem/MeasuredValues totalOrders}, {http://terminology.hl7.org/CodeSystem/measure-population initial-population}\">Cumulative Diagnostic Tests Ordered/Received</span></p><p><b>count</b>: ??</p></blockquote><blockquote><p><b>population</b></p><p><b>code</b>: <span title=\"Codes: {http://hl7.org/fhir/us/saner/CodeSystem/MeasuredValues rejected}, {http://terminology.hl7.org/CodeSystem/measure-population denominator-exclusion}\">Cumulative Specimens Rejected</span></p><p><b>count</b>: ??</p></blockquote><blockquote><p><b>population</b></p><p><b>code</b>: <span title=\"Codes: {http://hl7.org/fhir/us/saner/CodeSystem/MeasuredValues totalTestResults}, {http://terminology.hl7.org/CodeSystem/measure-population denominator}\">Cumulative Tests Performed</span></p><p><b>count</b>: 184826</p></blockquote><blockquote><p><b>population</b></p><p><b>code</b>: <span title=\"Codes: {http://hl7.org/fhir/us/saner/CodeSystem/MeasuredValues positive}, {http://terminology.hl7.org/CodeSystem/measure-population numerator}\">Cumulative Positive COVID-19 Tests</span></p><p><b>count</b>: 92387</p></blockquote><blockquote><p><b>population</b></p><p><b>code</b>: <span title=\"Codes: {http://hl7.org/fhir/us/saner/CodeSystem/MeasuredValues allReports}\">All Laboratory Reports for any Order</span></p><p><b>count</b>: ??</p></blockquote><blockquote><p><b>population</b></p><p><b>code</b>: <span title=\"Codes: {http://hl7.org/fhir/us/saner/CodeSystem/MeasuredValues latestReports}\">Most Recent Laboratory Reports for any Order</span></p><p><b>count</b>: ??</p></blockquote><p><b>measureScore</b>: 49.99 %</p></blockquote></div>"
  },
  "identifier": [
    {
      "system": "urn:ietf:rfc:3986",
      "value": "urn:uuid:375c3abd-9219-11ea-1863-09173f13e4c5"
    }
  ],
  "status": "complete",
  "type": "summary",
  "measure": "http://hl7.org/fhir/us/saner/Measure/FEMADailyHospitalCOVID19Reporting",
  "subject": {
    "reference": "Location/states-NJ",
    "identifier": {
      "system": "https://www.census.gov/geographies",
      "value": "34"
    },
    "display": "State of New Jersey"
  },
  "date": "2020-04-21",
  "reporter": {
    "reference": "Organization/NJ-DPH",
    "display": "New Jersey Department of Public Health"
  },
  "period": {
    "start": "2020-04-21",
    "end": "2020-04-21"
  },
  "group": [
    {
      "code": {
        "coding": [
          {
            "system": "http://hl7.org/fhir/us/saner/CodeSystem/MeasureGroupSystem",
            "code": "positiveIncreasePercent"
          }
        ]
      },
      "population": [
        {
          "code": {
            "coding": [
              {
                "system": "http://hl7.org/fhir/us/saner/CodeSystem/MeasuredValues",
                "code": "totalOrdersIncrease"
              },
              {
                "system": "http://terminology.hl7.org/CodeSystem/measure-population",
                "code": "initial-population"
              }
            ]
          },
          "_count": {
            "extension": [
              {
                "url": "http://hl7.org/fhir/StructureDefinition/data-absent-reason",
                "valueCode": "unsupported"
              }
            ]
          }
        },
        {
          "code": {
            "coding": [
              {
                "system": "http://hl7.org/fhir/us/saner/CodeSystem/MeasuredValues",
                "code": "totalTestResultsIncrease"
              },
              {
                "system": "http://terminology.hl7.org/CodeSystem/measure-population",
                "code": "denominator"
              }
            ]
          },
          "count": 6769
        },
        {
          "code": {
            "coding": [
              {
                "system": "http://hl7.org/fhir/us/saner/CodeSystem/MeasuredValues",
                "code": "positiveIncrease"
              },
              {
                "system": "http://terminology.hl7.org/CodeSystem/measure-population",
                "code": "numerator"
              }
            ]
          },
          "count": 3581
        }
      ],
      "measureScore": {
        "value": 52.9,
        "unit": "%",
        "system": "http://unitsofmeasure.org",
        "code": "%"
      }
    },
    {
      "code": {
        "coding": [
          {
            "system": "http://hl7.org/fhir/us/saner/CodeSystem/MeasureGroupSystem",
            "code": "positivePercent"
          }
        ]
      },
      "population": [
        {
          "code": {
            "coding": [
              {
                "system": "http://hl7.org/fhir/us/saner/CodeSystem/MeasuredValues",
                "code": "totalOrders"
              },
              {
                "system": "http://terminology.hl7.org/CodeSystem/measure-population",
                "code": "initial-population"
              }
            ]
          },
          "_count": {
            "extension": [
              {
                "url": "http://hl7.org/fhir/StructureDefinition/data-absent-reason",
                "valueCode": "unsupported"
              }
            ]
          }
        },
        {
          "code": {
            "coding": [
              {
                "system": "http://hl7.org/fhir/us/saner/CodeSystem/MeasuredValues",
                "code": "rejected"
              },
              {
                "system": "http://terminology.hl7.org/CodeSystem/measure-population",
                "code": "denominator-exclusion"
              }
            ]
          },
          "_count": {
            "extension": [
              {
                "url": "http://hl7.org/fhir/StructureDefinition/data-absent-reason",
                "valueCode": "unsupported"
              }
            ]
          }
        },
        {
          "code": {
            "coding": [
              {
                "system": "http://hl7.org/fhir/us/saner/CodeSystem/MeasuredValues",
                "code": "totalTestResults"
              },
              {
                "system": "http://terminology.hl7.org/CodeSystem/measure-population",
                "code": "denominator"
              }
            ]
          },
          "count": 184826
        },
        {
          "code": {
            "coding": [
              {
                "system": "http://hl7.org/fhir/us/saner/CodeSystem/MeasuredValues",
                "code": "positive"
              },
              {
                "system": "http://terminology.hl7.org/CodeSystem/measure-population",
                "code": "numerator"
              }
            ]
          },
          "count": 92387
        },
        {
          "code": {
            "coding": [
              {
                "system": "http://hl7.org/fhir/us/saner/CodeSystem/MeasuredValues",
                "code": "allReports"
              }
            ],
            "text": "All Laboratory Reports for any Order"
          },
          "_count": {
            "extension": [
              {
                "url": "http://hl7.org/fhir/StructureDefinition/data-absent-reason",
                "valueCode": "unsupported"
              }
            ]
          }
        },
        {
          "code": {
            "coding": [
              {
                "system": "http://hl7.org/fhir/us/saner/CodeSystem/MeasuredValues",
                "code": "latestReports"
              }
            ],
            "text": "Most Recent Laboratory Reports for any Order"
          },
          "_count": {
            "extension": [
              {
                "url": "http://hl7.org/fhir/StructureDefinition/data-absent-reason",
                "valueCode": "unsupported"
              }
            ]
          }
        }
      ],
      "measureScore": {
        "value": 49.99,
        "unit": "%",
        "system": "http://unitsofmeasure.org",
        "code": "%"
      }
    }
  ]
}