{
  "resourceType": "MeasureReport",
  "id": "FHIR-258",
  "meta": {
    "profile": [
      "http://hl7.org/fhir/StructureDefinition/MeasureReport"
    ],
    "security": [
      {
        "system": "http://terminology.hl7.org/CodeSystem/v3-ActReason",
        "code": "HTEST"
      }
    ]
  },
  "text": {
    "status": "generated",
    "div": "<div xmlns=\"http://www.w3.org/1999/xhtml\"><p><b>Generated Narrative</b></p><p><b>id</b>: FHIR-258</p><p><b>meta</b>: </p><p><b>status</b>: complete</p><p><b>type</b>: summary</p><p><b>measure</b>: <a href=\"http://hl7.org/fhir/us/saner/Measure/CDCPatientImpactAndHospitalCapacity\">http://hl7.org/fhir/us/saner/Measure/CDCPatientImpactAndHospitalCapacity</a></p><p><b>subject</b>: <a href=\"Location-Loc-X140068.html\">WILLIS COMMUNITY HOSPITAL Building. Generated Summary: id: Loc-X140068; status: active; name: WILLIS COMMUNITY HOSPITAL Building; mode: instance; <span title=\"Codes: {http://terminology.hl7.org/CodeSystem/v3-RoleCode HOSP}\">Hospital</span>; <span title=\"Codes: {http://terminology.hl7.org/CodeSystem/location-physical-type si}\">Site</span></a></p><p><b>date</b>: May 12, 2020, 1:00:00 AM</p><p><b>reporter</b>: <a href=\"Organization-X140068.html\">WILLIS COMMUNITY HOSPITAL. Generated Summary: id: X140068; id: X140068; active; <span title=\"Codes: {http://terminology.hl7.org/CodeSystem/organization-type prov}\">Healthcare Provider</span>; name: WILLIS COMMUNITY HOSPITAL</a></p><p><b>period</b>: 2020-05-12 --&gt; 2020-05-12</p><blockquote><p><b>group</b></p><p><b>code</b>: <span title=\"Codes: {http://hl7.org/fhir/us/saner/CodeSystem/MeasureGroupSystem Beds}\">Hospital Bed Reporting</span></p><blockquote><p><b>population</b></p><p><b>code</b>: <span title=\"Codes: {http://hl7.org/fhir/us/saner/CodeSystem/MeasuredValues numTotBeds}, {http://terminology.hl7.org/CodeSystem/measure-population initial-population}\">Total number of all Inpatient and outpatient beds, including all staffed, ICU, licensed, and overflow(surge) beds used for inpatients or outpatients.</span></p><p><b>count</b>: 887</p></blockquote><blockquote><p><b>population</b></p><p><b>code</b>: <span title=\"Codes: {http://hl7.org/fhir/us/saner/CodeSystem/MeasuredValues numbeds}\">Inpatient beds, including all staffed, licensed, and overflow(surge) beds used for inpatients.</span></p><p><b>count</b>: 750</p></blockquote><blockquote><p><b>population</b></p><p><b>code</b>: <span title=\"Codes: {http://hl7.org/fhir/us/saner/CodeSystem/MeasuredValues numBedsOcc}\">Total number of staffed inpatient beds that are occupied.</span></p><p><b>count</b>: 169</p></blockquote><blockquote><p><b>population</b></p><p><b>code</b>: <span title=\"Codes: {http://hl7.org/fhir/us/saner/CodeSystem/MeasuredValues numICUBeds}\">Total number of staffed inpatient intensive care unit (ICU) beds.</span></p><p><b>count</b>: 137</p></blockquote><blockquote><p><b>population</b></p><p><b>code</b>: <span title=\"Codes: {http://hl7.org/fhir/us/saner/CodeSystem/MeasuredValues numICUBedsOcc}\">Total number of staffed inpatient ICU beds that are occupied.</span></p><p><b>count</b>: 24</p></blockquote></blockquote><blockquote><p><b>group</b></p><p><b>code</b>: <span title=\"Codes: {http://hl7.org/fhir/us/saner/CodeSystem/MeasureGroupSystem Ventilators}\">Hospital Ventilator Reporting</span></p><blockquote><p><b>population</b></p><p><b>code</b>: <span title=\"Codes: {http://hl7.org/fhir/us/saner/CodeSystem/MeasuredValues numVent}, {http://terminology.hl7.org/CodeSystem/measure-population initial-population}\">Total number of ventilators available.</span></p><p><b>count</b>: 27</p></blockquote><blockquote><p><b>population</b></p><p><b>code</b>: <span title=\"Codes: {http://hl7.org/fhir/us/saner/CodeSystem/MeasuredValues numVentUse}\">Total number of ventilators in use.</span></p><p><b>count</b>: 27</p></blockquote></blockquote><blockquote><p><b>group</b></p><p><b>code</b>: <span title=\"Codes: {http://hl7.org/fhir/us/saner/CodeSystem/MeasureGroupSystem Encounters}\">Hospital COVID-19 Encounters Reporting</span></p><blockquote><p><b>population</b></p><p><b>code</b>: <span title=\"Codes: {http://hl7.org/fhir/us/saner/CodeSystem/MeasuredValues numC19HospPats}\">Patients currently hospitalized in an inpatient care location who have suspected or confirmed COVID-19.</span></p><p><b>count</b>: 80</p></blockquote><blockquote><p><b>population</b></p><p><b>code</b>: <span title=\"Codes: {http://hl7.org/fhir/us/saner/CodeSystem/MeasuredValues numC19MechVentPats}\">Patients hospitalized in an NHSN inpatient care location who have suspected or confirmed COVID-19 and are on a mechanical ventilator.</span></p><p><b>count</b>: 27</p></blockquote><blockquote><p><b>population</b></p><p><b>code</b>: <span title=\"Codes: {http://hl7.org/fhir/us/saner/CodeSystem/MeasuredValues numC19HOPats}\">Patients hospitalized in an NHSN inpatient care location with onset of suspected or confirmed COVID - 19 14 or more days after hospitalization.</span></p><p><b>count</b>: 0</p></blockquote><blockquote><p><b>population</b></p><p><b>code</b>: <span title=\"Codes: {http://hl7.org/fhir/us/saner/CodeSystem/MeasuredValues numC19OverflowPats}\">Patients with suspected or confirmed COVID-19 who are in the ED or any overflow location awaiting an inpatient bed.</span></p><p><b>count</b>: 0</p></blockquote><blockquote><p><b>population</b></p><p><b>code</b>: <span title=\"Codes: {http://hl7.org/fhir/us/saner/CodeSystem/MeasuredValues numC19OFMechVentPats}\">Patients with suspected or confirmed COVID - 19 who are in the ED or any overflow location awaiting an inpatient bed and on a mechanical ventilator.</span></p><p><b>count</b>: 29</p></blockquote><blockquote><p><b>population</b></p><p><b>code</b>: <span title=\"Codes: {http://hl7.org/fhir/us/saner/CodeSystem/MeasuredValues numC19Died}\">Patients with suspected or confirmed COVID-19 who died in the hospital, ED, or any overflow location.</span></p><p><b>count</b>: 19</p></blockquote><blockquote><p><b>population</b></p><p><b>code</b>: <span title=\"Codes: {http://hl7.org/fhir/us/saner/CodeSystem/MeasuredValues numC19Pats}\">Patients with suspected or confirmed COVID-19 in any location.</span></p><p><b>count</b>: ??</p></blockquote><blockquote><p><b>population</b></p><p><b>code</b>: <span title=\"Codes: {http://hl7.org/fhir/us/saner/CodeSystem/MeasuredValues numC19VentPats}\">Ventilated COVID-19 Patients</span></p><p><b>count</b>: ??</p></blockquote></blockquote></div>"
  },
  "status": "complete",
  "type": "summary",
  "measure": "http://hl7.org/fhir/us/saner/Measure/CDCPatientImpactAndHospitalCapacity",
  "subject": {
    "reference": "Location/Loc-X140068",
    "identifier": {
      "system": "http://sanerproject.org/connectathon/locations",
      "value": "X140068"
    },
    "display": "WILLIS COMMUNITY HOSPITAL Building"
  },
  "date": "2020-05-12T00:00:00-05:00",
  "reporter": {
    "reference": "Organization/X140068",
    "display": "WILLIS COMMUNITY HOSPITAL"
  },
  "period": {
    "start": "2020-05-12",
    "end": "2020-05-12"
  },
  "group": [
    {
      "code": {
        "coding": [
          {
            "system": "http://hl7.org/fhir/us/saner/CodeSystem/MeasureGroupSystem",
            "code": "Beds"
          }
        ],
        "text": "Hospital Bed Reporting"
      },
      "population": [
        {
          "code": {
            "coding": [
              {
                "system": "http://hl7.org/fhir/us/saner/CodeSystem/MeasuredValues",
                "code": "numTotBeds"
              },
              {
                "system": "http://terminology.hl7.org/CodeSystem/measure-population",
                "code": "initial-population"
              }
            ],
            "text": "Total number of all Inpatient and outpatient beds, including all staffed, ICU, licensed, and overflow(surge) beds used for inpatients or outpatients."
          },
          "count": 887
        },
        {
          "code": {
            "coding": [
              {
                "system": "http://hl7.org/fhir/us/saner/CodeSystem/MeasuredValues",
                "code": "numbeds"
              }
            ],
            "text": "Inpatient beds, including all staffed, licensed, and overflow(surge) beds used for inpatients."
          },
          "count": 750
        },
        {
          "code": {
            "coding": [
              {
                "system": "http://hl7.org/fhir/us/saner/CodeSystem/MeasuredValues",
                "code": "numBedsOcc"
              }
            ],
            "text": "Total number of staffed inpatient beds that are occupied."
          },
          "count": 169
        },
        {
          "code": {
            "coding": [
              {
                "system": "http://hl7.org/fhir/us/saner/CodeSystem/MeasuredValues",
                "code": "numICUBeds"
              }
            ],
            "text": "Total number of staffed inpatient intensive care unit (ICU) beds."
          },
          "count": 137
        },
        {
          "code": {
            "coding": [
              {
                "system": "http://hl7.org/fhir/us/saner/CodeSystem/MeasuredValues",
                "code": "numICUBedsOcc"
              }
            ],
            "text": "Total number of staffed inpatient ICU beds that are occupied."
          },
          "count": 24
        }
      ]
    },
    {
      "code": {
        "coding": [
          {
            "system": "http://hl7.org/fhir/us/saner/CodeSystem/MeasureGroupSystem",
            "code": "Ventilators"
          }
        ],
        "text": "Hospital Ventilator Reporting"
      },
      "population": [
        {
          "code": {
            "coding": [
              {
                "system": "http://hl7.org/fhir/us/saner/CodeSystem/MeasuredValues",
                "code": "numVent"
              },
              {
                "system": "http://terminology.hl7.org/CodeSystem/measure-population",
                "code": "initial-population"
              }
            ],
            "text": "Total number of ventilators available."
          },
          "count": 27
        },
        {
          "code": {
            "coding": [
              {
                "system": "http://hl7.org/fhir/us/saner/CodeSystem/MeasuredValues",
                "code": "numVentUse"
              }
            ],
            "text": "Total number of ventilators in use."
          },
          "count": 27
        }
      ]
    },
    {
      "code": {
        "coding": [
          {
            "system": "http://hl7.org/fhir/us/saner/CodeSystem/MeasureGroupSystem",
            "code": "Encounters"
          }
        ],
        "text": "Hospital COVID-19 Encounters Reporting"
      },
      "population": [
        {
          "code": {
            "coding": [
              {
                "system": "http://hl7.org/fhir/us/saner/CodeSystem/MeasuredValues",
                "code": "numC19HospPats"
              }
            ],
            "text": "Patients currently hospitalized in an inpatient care location who have suspected or confirmed COVID-19."
          },
          "count": 80
        },
        {
          "code": {
            "coding": [
              {
                "system": "http://hl7.org/fhir/us/saner/CodeSystem/MeasuredValues",
                "code": "numC19MechVentPats"
              }
            ],
            "text": "Patients hospitalized in an NHSN inpatient care location who have suspected or confirmed COVID-19 and are on a mechanical ventilator."
          },
          "count": 27
        },
        {
          "code": {
            "coding": [
              {
                "system": "http://hl7.org/fhir/us/saner/CodeSystem/MeasuredValues",
                "code": "numC19HOPats"
              }
            ],
            "text": "Patients hospitalized in an NHSN inpatient care location with onset of suspected or confirmed COVID - 19 14 or more days after hospitalization."
          },
          "count": 0
        },
        {
          "code": {
            "coding": [
              {
                "system": "http://hl7.org/fhir/us/saner/CodeSystem/MeasuredValues",
                "code": "numC19OverflowPats"
              }
            ],
            "text": "Patients with suspected or confirmed COVID-19 who are in the ED or any overflow location awaiting an inpatient bed."
          },
          "count": 0
        },
        {
          "code": {
            "coding": [
              {
                "system": "http://hl7.org/fhir/us/saner/CodeSystem/MeasuredValues",
                "code": "numC19OFMechVentPats"
              }
            ],
            "text": "Patients with suspected or confirmed COVID - 19 who are in the ED or any overflow location awaiting an inpatient bed and on a mechanical ventilator."
          },
          "count": 29
        },
        {
          "code": {
            "coding": [
              {
                "system": "http://hl7.org/fhir/us/saner/CodeSystem/MeasuredValues",
                "code": "numC19Died"
              }
            ],
            "text": "Patients with suspected or confirmed COVID-19 who died in the hospital, ED, or any overflow location."
          },
          "count": 19
        },
        {
          "code": {
            "coding": [
              {
                "system": "http://hl7.org/fhir/us/saner/CodeSystem/MeasuredValues",
                "code": "numC19Pats"
              }
            ],
            "text": "Patients with suspected or confirmed COVID-19 in any location."
          },
          "_count": {
            "extension": [
              {
                "url": "http://hl7.org/fhir/StructureDefinition/data-absent-reason",
                "valueCode": "unsupported"
              }
            ]
          }
        },
        {
          "code": {
            "coding": [
              {
                "system": "http://hl7.org/fhir/us/saner/CodeSystem/MeasuredValues",
                "code": "numC19VentPats"
              }
            ],
            "text": "Ventilated COVID-19 Patients"
          },
          "_count": {
            "extension": [
              {
                "url": "http://hl7.org/fhir/StructureDefinition/data-absent-reason",
                "valueCode": "unsupported"
              }
            ]
          }
        }
      ]
    }
  ]
}