{
  "resourceType": "MedicationRequest",
  "id": "MedicationRequest17a",
  "text": {
    "status": "generated",
    "div": "<div xmlns=\"http://www.w3.org/1999/xhtml\"><p><b>Generated Narrative</b></p><p><b>id</b>: MedicationRequest17a</p><p><b>identifier</b>: id: Med112233</p><p><b>status</b>: active</p><p><b>intent</b>: order</p><p><b>medication</b>: <span title=\"Codes: {http://www.nlm.nih.gov/research/umls/rxnorm 2367757}\">remdesivir 5 MG/ML</span></p><p><b>subject</b>: <a href=\"Patient-Patient7a.html\">Generated Summary: id: Patient7a; id: Pat112233; gender: female; birthDate: 1967-08-23</a></p><p><b>dosageInstruction</b>: </p></div>"
  },
  "identifier": [
    {
      "system": "http://sanerproject.org/test/MedicationRequest",
      "value": "Med112233"
    }
  ],
  "status": "active",
  "intent": "order",
  "medicationCodeableConcept": {
    "coding": [
      {
        "system": "http://www.nlm.nih.gov/research/umls/rxnorm",
        "code": "2367757"
      }
    ]
  },
  "subject": {
    "reference": "Patient/Patient7a"
  },
  "dosageInstruction": [
    {
      "timing": {
        "repeat": {
          "boundsPeriod": {
            "start": "2020-09-08"
          }
        }
      }
    }
  ]
}