{
  "resourceType": "Organization",
  "id": "X140191",
  "meta": {
    "security": [
      {
        "system": "http://terminology.hl7.org/CodeSystem/v3-ActReason",
        "code": "HTEST"
      }
    ]
  },
  "text": {
    "status": "generated",
    "div": "<div xmlns=\"http://www.w3.org/1999/xhtml\"><p><b>Generated Narrative</b></p><p><b>id</b>: X140191</p><p><b>meta</b>: </p><p><b>identifier</b>: id: X140191</p><p><b>active</b>: true</p><p><b>type</b>: <span title=\"Codes: {http://terminology.hl7.org/CodeSystem/organization-type prov}\">Healthcare Provider</span></p><p><b>name</b>: ZELAZNY MEMORIAL HOSPITAL</p><p><b>address</b>: 1 INGALLS DR HARVEY IL 60426 USA (WORK)</p></div>"
  },
  "identifier": [
    {
      "system": "http://sanerproject.org/connectathon/hospitals",
      "value": "X140191"
    }
  ],
  "active": true,
  "type": [
    {
      "coding": [
        {
          "system": "http://terminology.hl7.org/CodeSystem/organization-type",
          "code": "prov"
        }
      ]
    }
  ],
  "name": "ZELAZNY MEMORIAL HOSPITAL",
  "address": [
    {
      "use": "work",
      "type": "both",
      "line": [
        "1 INGALLS DR"
      ],
      "city": "HARVEY",
      "district": "COOK",
      "state": "IL",
      "postalCode": "60426",
      "country": "USA"
    }
  ]
}