{
  "resourceType": "Organization",
  "id": "X140082",
  "meta": {
    "security": [
      {
        "system": "http://terminology.hl7.org/CodeSystem/v3-ActReason",
        "code": "HTEST",
        "display": "test health data"
      }
    ]
  },
  "identifier": [
    {
      "system": "http://build.fhir.org/ig/AudaciousInquiry/saner-ig/connectathon/hospitals",
      "value": "X140082"
    }
  ],
  "active": true,
  "type": [
    {
      "coding": [
        {
          "system": "http://terminology.hl7.org/CodeSystem/organization-type",
          "code": "prov"
        }
      ]
    }
  ],
  "name": "PAUL FRENCH MEMORIAL HOSPITAL",
  "address": [
    {
      "extension": [
        {
          "extension": [
            {
              "url": "latitude",
              "valueDecimal": 41.966521
            },
            {
              "url": "longitude",
              "valueDecimal": -87.648898
            }
          ],
          "url": "http://hl7.org/fhir/StructureDefinition/geolocation"
        }
      ],
      "use": "work",
      "type": "both",
      "line": [
        "4646 N MARINE DR"
      ],
      "city": "CHICAGO",
      "district": "COOK",
      "state": "IL",
      "postalCode": "60640",
      "country": "USA"
    }
  ]
}