{
  "resourceType": "Organization",
  "id": "X140179",
  "meta": {
    "security": [
      {
        "system": "http://terminology.hl7.org/CodeSystem/v3-ActReason",
        "code": "HTEST",
        "display": "test health data"
      }
    ]
  },
  "identifier": [
    {
      "system": "http://build.fhir.org/ig/AudaciousInquiry/saner-ig/connectathon/hospitals",
      "value": "X140179"
    }
  ],
  "active": true,
  "type": [
    {
      "coding": [
        {
          "system": "http://terminology.hl7.org/CodeSystem/organization-type",
          "code": "prov"
        }
      ]
    }
  ],
  "name": "GENERAL PRODUCTS HOSPITAL",
  "address": [
    {
      "extension": [
        {
          "extension": [
            {
              "url": "latitude",
              "valueDecimal": 41.720902
            },
            {
              "url": "longitude",
              "valueDecimal": -87.691966
            }
          ],
          "url": "http://hl7.org/fhir/StructureDefinition/geolocation"
        }
      ],
      "use": "work",
      "type": "both",
      "line": [
        "2800 W 95TH ST"
      ],
      "city": "EVERGREEN PK",
      "district": "COOK",
      "state": "IL",
      "postalCode": "60805",
      "country": "USA"
    }
  ]
}