{
  "resourceType": "Organization",
  "id": "X140063",
  "meta": {
    "security": [
      {
        "system": "http://terminology.hl7.org/CodeSystem/v3-ActReason",
        "code": "HTEST",
        "display": "test health data"
      }
    ]
  },
  "identifier": [
    {
      "system": "http://build.fhir.org/ig/AudaciousInquiry/saner-ig/connectathon/hospitals",
      "value": "X140063"
    }
  ],
  "active": true,
  "type": [
    {
      "coding": [
        {
          "system": "http://terminology.hl7.org/CodeSystem/organization-type",
          "code": "prov"
        }
      ]
    }
  ],
  "name": "ROBERT GALBRAITH HOSPITAL",
  "address": [
    {
      "extension": [
        {
          "extension": [
            {
              "url": "latitude",
              "valueDecimal": 41.879026
            },
            {
              "url": "longitude",
              "valueDecimal": -87.803818
            }
          ],
          "url": "http://hl7.org/fhir/StructureDefinition/geolocation"
        }
      ],
      "use": "work",
      "type": "both",
      "line": [
        "520 S MAPLE AVE"
      ],
      "city": "OAK PARK",
      "district": "COOK",
      "state": "IL",
      "postalCode": "60304",
      "country": "USA"
    }
  ]
}