{
  "package": "ainq.fhir.us.saner",
  "version": "0.1.0",
  "fhirVersion": "4.0.1",
  "extensions": [],
  "profiles": {
    "AuditEvent": [
      {
        "url": "http://ainq.com/fhir/us/saner/StructureDefinition/saner-audit-event-read",
        "title": "Audit Event Read"
      },
      {
        "url": "http://ainq.com/fhir/us/saner/StructureDefinition/saner-audit-event-write",
        "title": "Audit Event Write Profile"
      }
    ],
    "Group": [
      {
        "url": "http://ainq.com/fhir/us/saner/StructureDefinition/saner-device-group",
        "title": "Device Group Profile"
      }
    ],
    "Location": [
      {
        "url": "http://ainq.com/fhir/us/saner/StructureDefinition/saner-resource-location",
        "title": "Resource Location Profile"
      }
    ],
    "MeasureReport": [
      {
        "url": "http://ainq.com/fhir/us/saner/StructureDefinition/saner-device-measure-report",
        "title": "Device MeasureReport Profile"
      }
    ],
    "Device": [
      {
        "url": "http://ainq.com/fhir/us/saner/StructureDefinition/saner-supporting-device",
        "title": "Supporting Device Profile"
      }
    ]
  },
  "usage": {
    "http://hl7.org/fhir/StructureDefinition/elementdefinition-bestpractice": [
      "StructureDefinition.snapshot.element.constraint"
    ],
    "http://hl7.org/fhir/StructureDefinition/elementdefinition-bestpractice-explanation": [
      "StructureDefinition.snapshot.element.constraint"
    ],
    "http://hl7.org/fhir/StructureDefinition/elementdefinition-bindingName": [
      "StructureDefinition.snapshot.element.binding"
    ],
    "http://hl7.org/fhir/StructureDefinition/elementdefinition-isCommonBinding": [
      "StructureDefinition.snapshot.element.binding"
    ],
    "http://hl7.org/fhir/StructureDefinition/elementdefinition-maxValueSet": [
      "StructureDefinition.snapshot.element.binding"
    ],
    "http://hl7.org/fhir/StructureDefinition/elementdefinition-translatable": [
      "StructureDefinition.snapshot.element"
    ],
    "http://hl7.org/fhir/StructureDefinition/structuredefinition-explicit-type-name": [
      "StructureDefinition.snapshot.element"
    ],
    "http://hl7.org/fhir/StructureDefinition/structuredefinition-fhir-type": [
      "StructureDefinition.snapshot.element.type"
    ],
    "http://hl7.org/fhir/StructureDefinition/structuredefinition-hierarchy": [
      "StructureDefinition.snapshot.element.type"
    ],
    "http://hl7.org/fhir/tools/StructureDefinition/ig-parameter": [
      "ImplementationGuide.definition"
    ],
    "http://hl7.org/fhir/tools/StructureDefinition/resource-information": [
      "ImplementationGuide.definition.resource"
    ]
  }
}