<?xml version="1.0" encoding="UTF-8"?>

<ValueSet xmlns="http://hl7.org/fhir">
  <id value="Populations"/>
  <text>
    <status value="generated"/><div xmlns="http://www.w3.org/1999/xhtml"><h2>Measure Populations</h2><div><p>Measure Populations defined by The SANER Project</p>
</div><ul><li>Include all codes defined in <a href="CodeSystem-PopulationSystem.html"><code>http://hl7.org/fhir/us/saner/CodeSystem/PopulationSystem</code></a></li></ul></div>
  </text>
  <url value="http://hl7.org/fhir/us/saner/ValueSet/Populations"/>
  <version value="0.1.0"/>
  <name value="Populations"/>
  <title value="Measure Populations"/>
  <status value="active"/>
  <date value="2020-04-13T11:49:10-04:00"/>
  <publisher value="HL7 International"/>
  <contact>
    <name value="HL7 Patient Administration Workgroup"/>
    <telecom>
      <system value="url"/>
      <value value="http://hl7.org/Special/committees/pafm/index.cfm"/>
    </telecom>
  </contact>
  <contact>
    <name value="Audacious Inquiry"/>
    <telecom>
      <system value="url"/>
      <value value="http://ainq.com"/>
    </telecom>
  </contact>
  <contact>
    <name value="Keith W. Boone"/>
    <telecom>
      <system value="email"/>
      <value value="mailto:kboone@ainq.com"/>
    </telecom>
  </contact>
  <description value="Measure Populations defined by The SANER Project"/>
  <compose>
    <include>
      <system value="http://hl7.org/fhir/us/saner/CodeSystem/PopulationSystem"/>
    </include>
  </compose>
</ValueSet>