<?xml version="1.0" encoding="UTF-8"?>

<ValueSet xmlns="http://hl7.org/fhir">
  <id value="SuspectedOrDiagnosedCOVID19"/>
  <text>
    <status value="generated"/><div xmlns="http://www.w3.org/1999/xhtml"><h2>Suspected Or Diagnosed COVID-19</h2><div><p>Coded identifying suspected or confirmed COVID-19</p>
</div><ul/><p>This value set includes codes based on the following rules:</p></div>
  </text>
  <url value="http://hl7.org/fhir/us/saner/ValueSet/SuspectedOrDiagnosedCOVID19"/>
  <version value="0.1.0"/>
  <name value="SuspectedOrDiagnosedCOVID19"/>
  <title value="Suspected Or Diagnosed COVID-19"/>
  <status value="active"/>
  <date value="2020-04-07T04:47:54-04:00"/>
  <publisher value="HL7 International"/>
  <contact>
    <name value="HL7 Mobile Health Workgroup"/>
    <telecom>
      <system value="url"/>
      <value value="http://hl7.org/Special/committees/mobile/index.cfm"/>
    </telecom>
  </contact>
  <contact>
    <name value="Audacious Inquiry"/>
    <telecom>
      <system value="url"/>
      <value value="http://ainq.com"/>
    </telecom>
  </contact>
  <contact>
    <name value="Keith W. Boone"/>
    <telecom>
      <system value="email"/>
      <value value="mailto:kboone@ainq.com"/>
    </telecom>
  </contact>
  <description value="Coded identifying suspected or confirmed COVID-19"/>
</ValueSet>