{
  "resourceType": "ValueSet",
  "id": "Fields",
  "text": {
    "status": "generated",
    "div": "<div xmlns=\"http://www.w3.org/1999/xhtml\"><h2>Resource Fields</h2><div><p>This value set describes fields used to stratify groups in a report</p>\n</div><ul><li>Include all codes defined in <code>http://hl7.org/fhir/us/saner/CodeSystem/LocationFields</code></li><li>Include all codes defined in <code>http://hl7.org/fhir/us/saner/CodeSystem/DeviceFields</code></li></ul><p>This value set includes codes based on the following rules:</p></div>"
  },
  "url": "http://hl7.org/fhir/us/saner/ValueSet/Fields",
  "version": "0.1.0",
  "name": "Fields",
  "title": "Resource Fields",
  "status": "active",
  "date": "2020-04-13T11:49:10-04:00",
  "publisher": "HL7 International",
  "contact": [
    {
      "name": "HL7 Patient Administration Workgroup",
      "telecom": [
        {
          "system": "url",
          "value": "http://hl7.org/Special/committees/pafm/index.cfm"
        }
      ]
    },
    {
      "name": "Audacious Inquiry",
      "telecom": [
        {
          "system": "url",
          "value": "http://ainq.com"
        }
      ]
    },
    {
      "name": "Keith W. Boone",
      "telecom": [
        {
          "system": "email",
          "value": "mailto:kboone@ainq.com"
        }
      ]
    }
  ],
  "description": "This value set describes fields used to stratify groups in a report",
  "compose": {
    "include": [
      {
        "system": "http://hl7.org/fhir/us/saner/CodeSystem/LocationFields"
      },
      {
        "system": "http://hl7.org/fhir/us/saner/CodeSystem/DeviceFields"
      }
    ]
  }
}