<?xml version="1.0" encoding="UTF-8"?>

<ValueSet xmlns="http://hl7.org/fhir">
  <id value="BedType"/>
  <text>
    <status value="generated"/><div xmlns="http://www.w3.org/1999/xhtml"><h2>Bed Type</h2><div><p>This Value Set describes the types of care services that a bed can support.</p>
</div><ul><li>Include these codes as defined in <a href="http://hl7.org/fhir/R4/v3/RoleCode/cs.html"><code>http://terminology.hl7.org/CodeSystem/v3-RoleCode</code></a><table class="none"><tr><td style="white-space:nowrap"><b>Code</b></td><td><b>Display</b></td></tr><tr><td><a href="http://hl7.org/fhir/R4/v3/RoleCode/cs.html#v3-RoleCode-ICU">ICU</a></td><td>Intensive care unit</td><td>Intensive care unit</td></tr><tr><td><a href="http://hl7.org/fhir/R4/v3/RoleCode/cs.html#v3-RoleCode-PEDICU">PEDICU</a></td><td>Pediatric intensive care unit</td><td>Pediatric intensive care unit</td></tr><tr><td><a href="http://hl7.org/fhir/R4/v3/RoleCode/cs.html#v3-RoleCode-PEDNICU">PEDNICU</a></td><td>Pediatric neonatal intensive care unit</td><td>Pediatric neonatal intensive care unit</td></tr><tr><td><a href="http://hl7.org/fhir/R4/v3/RoleCode/cs.html#v3-RoleCode-ER">ER</a></td><td>Emergency room</td><td>The section of a health care facility for providing rapid treatment to victims of sudden illness or trauma.</td></tr><tr><td><a href="http://hl7.org/fhir/R4/v3/RoleCode/cs.html#v3-RoleCode-HU">HU</a></td><td>Hospital unit</td><td>Hospital unit</td></tr><tr><td><a href="http://hl7.org/fhir/R4/v3/RoleCode/cs.html#v3-RoleCode-RHU">RHU</a></td><td>Rehabilitation hospital unit</td><td>Rehabilitation hospital unit</td></tr><tr><td><a href="http://hl7.org/fhir/R4/v3/RoleCode/cs.html#v3-RoleCode-PEDU">PEDU</a></td><td>Pediatric unit</td><td>Pediatric unit</td></tr><tr><td><a href="http://hl7.org/fhir/R4/v3/RoleCode/cs.html#v3-RoleCode-PHU">PHU</a></td><td>Psychiatric hospital unit</td><td>(X12N 273R00000N)</td></tr></table></li><li>Include these codes as defined in <a href="CodeSystem-SanerBedType.html"><code>http://ainq.com/fhir/us/saner/CodeSystem/SanerBedType</code></a><table class="none"><tr><td style="white-space:nowrap"><b>Code</b></td><td><b>Display</b></td></tr><tr><td><a href="CodeSystem-SanerBedType.html#SanerBedType-OR">OR</a></td><td>Operating Room</td><td>Operating Rooms</td></tr><tr><td><a href="CodeSystem-SanerBedType.html#SanerBedType-NURSERY">NURSERY</a></td><td>Nursery</td><td>Neonatal or newborn (non-ICU) care beds</td></tr><tr><td><a href="CodeSystem-SanerBedType.html#SanerBedType-BURNU">BURNU</a></td><td>Burn Unit</td><td>Burn ICU beds</td></tr></table></li></ul><p>This value set includes codes based on the following rules:</p></div>
  </text>
  <url value="http://ainq.com/fhir/us/saner/ValueSet/BedType"/>
  <version value="0.1.0"/>
  <name value="BedType"/>
  <title value="Bed Type"/>
  <status value="active"/>
  <date value="2020-03-25T15:22:24-04:00"/>
  <publisher value="Audacious Inquiry"/>
  <contact>
    <name value="Audacious Inquiry"/>
    <telecom>
      <system value="url"/>
      <value value="http://ainq.com"/>
    </telecom>
  </contact>
  <contact>
    <name value="Keith W. Boone"/>
    <telecom>
      <system value="email"/>
      <value value="kboone@ainq.com"/>
    </telecom>
  </contact>
  <description value="This Value Set describes the types of care services that a bed can support."/>
  <compose>
    <include>
      <system value="http://terminology.hl7.org/CodeSystem/v3-RoleCode"/>
      <concept>
        <code value="ICU"/>
      </concept>
      <concept>
        <code value="PEDICU"/>
      </concept>
      <concept>
        <code value="PEDNICU"/>
      </concept>
      <concept>
        <code value="ER"/>
      </concept>
      <concept>
        <code value="HU"/>
      </concept>
      <concept>
        <code value="RHU"/>
      </concept>
      <concept>
        <code value="PEDU"/>
      </concept>
      <concept>
        <code value="PHU"/>
      </concept>
    </include>
    <include>
      <system value="http://ainq.com/fhir/us/saner/CodeSystem/SanerBedType"/>
      <concept>
        <code value="OR"/>
      </concept>
      <concept>
        <code value="NURSERY"/>
      </concept>
      <concept>
        <code value="BURNU"/>
      </concept>
    </include>
  </compose>
</ValueSet>