<?xml version="1.0" encoding="UTF-8"?>

<ValueSet xmlns="http://hl7.org/fhir">
  <id value="Fields"/>
  <text>
    <status value="generated"/><div xmlns="http://www.w3.org/1999/xhtml"><h2>Resource Fields</h2><div><p>This value set describes fields used to stratify groups in a report</p>
</div><ul><li>Include all codes defined in <code>http://hl7.org/fhir/us/saner/CodeSystem/LocationFields</code></li><li>Include all codes defined in <code>http://hl7.org/fhir/us/saner/CodeSystem/DeviceFields</code></li></ul><p>This value set includes codes based on the following rules:</p></div>
  </text>
  <url value="http://hl7.org/fhir/us/saner/ValueSet/Fields"/>
  <version value="0.1.0"/>
  <name value="Fields"/>
  <title value="Resource Fields"/>
  <status value="active"/>
  <date value="2020-04-07T04:47:54-04:00"/>
  <publisher value="HL7 International"/>
  <contact>
    <name value="HL7 Mobile Health Workgroup"/>
    <telecom>
      <system value="url"/>
      <value value="http://hl7.org/Special/committees/mobile/index.cfm"/>
    </telecom>
  </contact>
  <contact>
    <name value="Audacious Inquiry"/>
    <telecom>
      <system value="url"/>
      <value value="http://ainq.com"/>
    </telecom>
  </contact>
  <contact>
    <name value="Keith W. Boone"/>
    <telecom>
      <system value="email"/>
      <value value="mailto:kboone@ainq.com"/>
    </telecom>
  </contact>
  <description value="This value set describes fields used to stratify groups in a report"/>
  <compose>
    <include>
      <system value="http://hl7.org/fhir/us/saner/CodeSystem/LocationFields"/>
    </include>
    <include>
      <system value="http://hl7.org/fhir/us/saner/CodeSystem/DeviceFields"/>
    </include>
  </compose>
</ValueSet>