{
  "resourceType": "ValueSet",
  "id": "VentilatorDevices",
  "text": {
    "status": "generated",
    "div": "<div xmlns=\"http://www.w3.org/1999/xhtml\"><h2>Ventilator Devices</h2><div><p>Codes used for Ventilator Devices</p>\n</div><ul/><p>This value set includes codes based on the following rules:</p></div>"
  },
  "url": "http://hl7.org/fhir/us/saner/ValueSet/VentilatorDevices",
  "version": "0.1.0",
  "name": "VentilatorDevices",
  "title": "Ventilator Devices",
  "status": "active",
  "date": "2020-04-07T04:47:54-04:00",
  "publisher": "HL7 International",
  "contact": [
    {
      "name": "HL7 Mobile Health Workgroup",
      "telecom": [
        {
          "system": "url",
          "value": "http://hl7.org/Special/committees/mobile/index.cfm"
        }
      ]
    },
    {
      "name": "Audacious Inquiry",
      "telecom": [
        {
          "system": "url",
          "value": "http://ainq.com"
        }
      ]
    },
    {
      "name": "Keith W. Boone",
      "telecom": [
        {
          "system": "email",
          "value": "mailto:kboone@ainq.com"
        }
      ]
    }
  ],
  "description": "Codes used for Ventilator Devices"
}