{
  "resourceType": "ValueSet",
  "id": "Populations",
  "text": {
    "status": "generated",
    "div": "<div xmlns=\"http://www.w3.org/1999/xhtml\"><h2>Measure Populations</h2><div><p>Measure Populations defined by The SANER Project</p>\n</div><ul><li>Include all codes defined in <a href=\"CodeSystem-PopulationSystem.html\"><code>http://hl7.org/fhir/us/saner/CodeSystem/PopulationSystem</code></a></li></ul></div>"
  },
  "url": "http://hl7.org/fhir/us/saner/ValueSet/Populations",
  "version": "0.1.0",
  "name": "Populations",
  "title": "Measure Populations",
  "status": "active",
  "date": "2020-04-27T07:08:50-04:00",
  "publisher": "HL7 International",
  "contact": [
    {
      "name": "HL7 Patient Administration Workgroup",
      "telecom": [
        {
          "system": "url",
          "value": "http://hl7.org/Special/committees/pafm/index.cfm"
        }
      ]
    },
    {
      "name": "Audacious Inquiry",
      "telecom": [
        {
          "system": "url",
          "value": "http://ainq.com"
        }
      ]
    },
    {
      "name": "Keith W. Boone",
      "telecom": [
        {
          "system": "email",
          "value": "mailto:kboone@ainq.com"
        }
      ]
    }
  ],
  "description": "Measure Populations defined by The SANER Project",
  "compose": {
    "include": [
      {
        "system": "http://hl7.org/fhir/us/saner/CodeSystem/PopulationSystem"
      }
    ]
  }
}