{
  "resourceType": "ValueSet",
  "id": "PatientDied",
  "text": {
    "status": "generated",
    "div": "<div xmlns=\"http://www.w3.org/1999/xhtml\"><h2>Patient Died</h2><div><p>Codes used to identify that a patient has died</p>\n</div><ul/><p>This value set includes codes based on the following rules:</p></div>"
  },
  "url": "http://hl7.org/fhir/us/saner/ValueSet/PatientDied",
  "version": "0.1.0",
  "name": "PatientDied",
  "title": "Patient Died",
  "status": "active",
  "date": "2020-04-27T06:17:07-04:00",
  "publisher": "HL7 International",
  "contact": [
    {
      "name": "HL7 Patient Administration Workgroup",
      "telecom": [
        {
          "system": "url",
          "value": "http://hl7.org/Special/committees/pafm/index.cfm"
        }
      ]
    },
    {
      "name": "Audacious Inquiry",
      "telecom": [
        {
          "system": "url",
          "value": "http://ainq.com"
        }
      ]
    },
    {
      "name": "Keith W. Boone",
      "telecom": [
        {
          "system": "email",
          "value": "mailto:kboone@ainq.com"
        }
      ]
    }
  ],
  "description": "Codes used to identify that a patient has died"
}