<?xml version="1.0" encoding="UTF-8"?>

<Condition xmlns="http://hl7.org/fhir">
  <id value="Condition2a"/>
  <text>
    <status value="generated"/><div xmlns="http://www.w3.org/1999/xhtml"><p><b>Generated Narrative</b></p><p><b>identifier</b>: id: Con444444</p><p><b>code</b>: <span title="Codes: {http://snomed.info/sct 840539006}">Disease caused by severe acute respiratory syndrome coronavirus 2 (disorder)</span></p><p><b>subject</b>: <a href="Patient-Patient2a.html">Generated Summary: id: Pat444444; gender: male; birthDate: 1956-09-13</a></p><p><b>onset</b>: 2020-09-08</p></div>
  </text>
  <identifier>
    <system value="http://sanerproject.org/test/Condition"/>
    <value value="Con444444"/>
  </identifier>
  <code>
    <coding>
      <system value="http://snomed.info/sct"/>
      <code value="840539006"/>
      <display value="Disease caused by severe acute respiratory syndrome coronavirus 2 (disorder)"/>
    </coding>
  </code>
  <subject>
    <reference value="Patient/Patient2a"/>
  </subject>
  <onsetDateTime value="2020-09-08"/>
</Condition>