<?xml version="1.0" encoding="UTF-8"?>

<MedicationRequest xmlns="http://hl7.org/fhir">
  <id value="MedicationRequest12c"/>
  <text>
    <status value="generated"/><div xmlns="http://www.w3.org/1999/xhtml"><p><b>Generated Narrative</b></p><p><b>identifier</b>: id: Med666666</p><p><b>status</b>: active</p><p><b>intent</b>: order</p><p><b>medication</b>: <span title="Codes: {http://www.nlm.nih.gov/research/umls/rxnorm 2367757}">remdesivir 5 MG/ML</span></p><p><b>subject</b>: <a href="Patient-Patient2c.html">Generated Summary: id: Pat666666; gender: male; birthDate: 1929-09-30</a></p><h3>DosageInstructions</h3><table class="grid"><tr><td>-</td></tr><tr><td>*</td></tr></table></div>
  </text>
  <identifier>
    <system value="http://sanerproject.org/test/MedicationRequest"/>
    <value value="Med666666"/>
  </identifier>
  <status value="active"/>
  <intent value="order"/>
  <medicationCodeableConcept>
    <coding>
      <system value="http://www.nlm.nih.gov/research/umls/rxnorm"/>
      <code value="2367757"/>
    </coding>
  </medicationCodeableConcept>
  <subject>
    <reference value="Patient/Patient2c"/>
  </subject>
  <dosageInstruction>
    <timing>
      <repeat>
        <boundsPeriod>
          <start value="2020-09-08"/>
        </boundsPeriod>
      </repeat>
    </timing>
  </dosageInstruction>
</MedicationRequest>