{
  "resourceType": "MedicationRequest",
  "id": "MedicationRequest12c",
  "text": {
    "status": "generated",
    "div": "<div xmlns=\"http://www.w3.org/1999/xhtml\"><p><b>Generated Narrative</b></p><p><b>identifier</b>: id: Med666666</p><p><b>status</b>: active</p><p><b>intent</b>: order</p><p><b>medication</b>: <span title=\"Codes: {http://www.nlm.nih.gov/research/umls/rxnorm 2367757}\">remdesivir 5 MG/ML</span></p><p><b>subject</b>: <a href=\"Patient-Patient2c.html\">Generated Summary: id: Pat666666; gender: male; birthDate: 1929-09-30</a></p><h3>DosageInstructions</h3><table class=\"grid\"><tr><td>-</td></tr><tr><td>*</td></tr></table></div>"
  },
  "identifier": [
    {
      "system": "http://sanerproject.org/test/MedicationRequest",
      "value": "Med666666"
    }
  ],
  "status": "active",
  "intent": "order",
  "medicationCodeableConcept": {
    "coding": [
      {
        "system": "http://www.nlm.nih.gov/research/umls/rxnorm",
        "code": "2367757"
      }
    ]
  },
  "subject": {
    "reference": "Patient/Patient2c"
  },
  "dosageInstruction": [
    {
      "timing": {
        "repeat": {
          "boundsPeriod": {
            "start": "2020-09-08"
          }
        }
      }
    }
  ]
}