<?xml version="1.0" encoding="UTF-8"?>

<Observation xmlns="http://hl7.org/fhir">
  <id value="Observation11c"/>
  <text>
    <status value="generated"/><div xmlns="http://www.w3.org/1999/xhtml"><p><b>Generated Narrative</b></p><p><b>identifier</b>: id: Obs333333-1</p><p></p><p><b>code</b>: <span title="Codes: {http://loinc.org 94500-6}">SARS-CoV-2 (COVID-19) RNA [Presence] in Respiratory specimen by NAA with probe detection</span></p><p><b>subject</b>: <a href="Patient-Patient1c.html">Generated Summary: id: Pat333333; gender: male; birthDate: 1949-12-07</a></p><p><b>encounter</b>: <a href="Encounter-Encounter1c.html">Generated Summary: id: Enc333333; status: in-progress; <span title="{http://terminology.hl7.org/CodeSystem/v3-ActCode IMP}">inpatient encounter</span>; period: 2020-09-07 --&gt; 2020-09-10; <span title="Codes: {http://snomed.info/sct 233604007}">Pneumonia (disorder)</span></a></p><p><b>effective</b>: 2020-09-02</p><p><b>value</b>: <span title="Codes: {http://snomed.info/sct 260415000}">Not detected</span></p></div>
  </text>
  <identifier>
    <system value="http://sanerproject.org/test/Observation"/>
    <value value="Obs333333-1"/>
  </identifier>
  <status value="final"/>
  <code>
    <coding>
      <system value="http://loinc.org"/>
      <code value="94500-6"/>
      <display value="SARS-CoV-2 (COVID-19) RNA [Presence] in Respiratory specimen by NAA with probe detection"/>
    </coding>
  </code>
  <subject>
    <reference value="Patient/Patient1c"/>
  </subject>
  <encounter>
    <reference value="Encounter/Encounter1c"/>
  </encounter>
  <effectiveDateTime value="2020-09-02"/>
  <valueCodeableConcept>
    <coding>
      <system value="http://snomed.info/sct"/>
      <code value="260415000"/>
      <display value="Not detected"/>
    </coding>
  </valueCodeableConcept>
</Observation>